"start","end","duration_hours"
1979-01-02 04:00:00,1979-01-02 19:00:00,15
1979-01-05 14:00:00,1979-01-06 06:00:00,16
1979-01-07 13:00:00,1979-01-08 18:00:00,29
1979-01-12 08:00:00,1979-01-13 12:00:00,28
1979-01-14 08:00:00,1979-01-16 16:00:00,56
1979-01-20 02:00:00,1979-01-21 16:00:00,38
1979-01-23 03:00:00,1979-01-24 17:00:00,38
1979-01-25 05:00:00,1979-01-25 15:00:00,10
1979-01-26 09:00:00,1979-01-27 23:00:00,38
1979-01-30 12:00:00,1979-01-31 07:00:00,19
1979-02-02 18:00:00,1979-02-04 01:00:00,31
1979-02-16 15:00:00,1979-02-17 10:00:00,19
1979-02-19 11:00:00,1979-02-19 19:00:00,8
1979-02-22 04:00:00,1979-02-26 14:00:00,106
1979-02-28 03:00:00,1979-02-28 19:00:00,16
1979-03-12 15:00:00,1979-03-13 23:00:00,32
1979-03-18 03:00:00,1979-03-19,21
1979-03-19 16:00:00,1979-03-20 17:00:00,25
1979-03-21 13:00:00,1979-03-23 22:00:00,57
1979-03-30 11:00:00,1979-04-01 09:00:00,46
1979-04-01 17:00:00,1979-04-07 14:00:00,141
1979-04-07 21:00:00,1979-04-10,51
1979-04-10 13:00:00,1979-04-11 14:00:00,25
1979-04-13 03:00:00,1979-04-19 10:00:00,151
1979-04-19 18:00:00,1979-04-20 06:00:00,12
1979-04-20 08:00:00,1979-04-21,16
1979-04-21 03:00:00,1979-04-22 12:00:00,33
1979-04-26 10:00:00,1979-04-28,38
1979-04-28 12:00:00,1979-04-29 16:00:00,28
1979-04-30 08:00:00,1979-05-01 10:00:00,26
1979-05-03 06:00:00,1979-05-06 19:00:00,85
1979-05-08,1979-05-10 03:00:00,51
1979-05-11 13:00:00,1979-05-16 10:00:00,117
1979-05-18,1979-05-20,48
1979-05-20 15:00:00,1979-05-23 10:00:00,67
1979-05-23 21:00:00,1979-05-27 20:00:00,95
1979-05-29 18:00:00,1979-06-13 23:00:00,365
1979-06-15 12:00:00,1979-06-21 09:00:00,141
1979-06-21 13:00:00,1979-06-22 11:00:00,22
1979-06-22 16:00:00,1979-06-23 01:00:00,9
1979-06-23 04:00:00,1979-06-28 11:00:00,127
1979-06-28 20:00:00,1979-07-06 14:00:00,186
1979-07-07 05:00:00,1979-07-08 10:00:00,29
1979-07-09,1979-07-17 12:00:00,204
1979-07-18,1979-07-20 22:00:00,70
1979-07-21 03:00:00,1979-07-28 09:00:00,174
1979-07-28 12:00:00,1979-07-30 09:00:00,45
1979-07-30 19:00:00,1979-07-31 01:00:00,6
1979-08-02 02:00:00,1979-08-05 02:00:00,72
1979-08-06 02:00:00,1979-08-06 09:00:00,7
1979-08-06 18:00:00,1979-08-08 19:00:00,49
1979-08-09 12:00:00,1979-08-12 14:00:00,74
1979-08-12 23:00:00,1979-08-13 21:00:00,22
1979-08-15 01:00:00,1979-08-16 04:00:00,27
1979-08-17 11:00:00,1979-08-20 09:00:00,70
1979-08-20 17:00:00,1979-08-21 13:00:00,20
1979-08-21 21:00:00,1979-08-22 13:00:00,16
1979-08-24 06:00:00,1979-08-24 23:00:00,17
1979-08-25 03:00:00,1979-09-01 03:00:00,168
1979-09-01 15:00:00,1979-09-01 21:00:00,6
1979-09-03 11:00:00,1979-09-05 07:00:00,44
1979-09-05 23:00:00,1979-09-07 21:00:00,46
1979-09-08 09:00:00,1979-09-08 17:00:00,8
1979-09-09 08:00:00,1979-09-12 09:00:00,73
1979-09-12 21:00:00,1979-09-16 19:00:00,94
1979-09-18 10:00:00,1979-09-18 16:00:00,6
1979-09-18 22:00:00,1979-09-19 17:00:00,19
1979-09-20 23:00:00,1979-09-21 14:00:00,15
1979-09-22 06:00:00,1979-09-22 22:00:00,16
1979-09-23 07:00:00,1979-09-24 15:00:00,32
1979-09-26 19:00:00,1979-09-29 03:00:00,56
1979-10-01 04:00:00,1979-10-02 09:00:00,29
1979-10-02 12:00:00,1979-10-02 18:00:00,6
1979-10-02 22:00:00,1979-10-03 20:00:00,22
1979-10-04 11:00:00,1979-10-05 11:00:00,24
1979-10-10,1979-10-10 18:00:00,18
1979-10-13 15:00:00,1979-10-17 11:00:00,92
1979-10-17 23:00:00,1979-10-18 13:00:00,14
1979-10-19 14:00:00,1979-10-21 05:00:00,39
1979-10-23 04:00:00,1979-10-24 04:00:00,24
1979-10-25 15:00:00,1979-10-28 09:00:00,67
1979-10-28 20:00:00,1979-10-29 23:00:00,27
1979-11-01 17:00:00,1979-11-02 10:00:00,17
1979-11-08 02:00:00,1979-11-08 15:00:00,13
1979-11-09 21:00:00,1979-11-11 02:00:00,29
1979-11-12 10:00:00,1979-11-13 07:00:00,21
1979-11-16 15:00:00,1979-11-17 04:00:00,13
1979-11-19,1979-11-21 12:00:00,60
1979-11-21 16:00:00,1979-11-22 09:00:00,17
1979-11-23 10:00:00,1979-11-24 11:00:00,25
1979-11-24 15:00:00,1979-11-24 21:00:00,6
1979-12-06 12:00:00,1979-12-06 18:00:00,6
1979-12-20 20:00:00,1979-12-21 21:00:00,25
1979-12-22 04:00:00,1979-12-25 06:00:00,74
1979-12-31,1980-01-02 16:00:00,64
1980-01-06 05:00:00,1980-01-07 13:00:00,32
1980-01-10 04:00:00,1980-01-14 09:00:00,101
1980-01-16 11:00:00,1980-01-18 22:00:00,59
1980-01-19 21:00:00,1980-01-20 16:00:00,19
1980-01-23 17:00:00,1980-01-26 12:00:00,67
1980-01-28 09:00:00,1980-01-29 07:00:00,22
1980-02-07 01:00:00,1980-02-07 08:00:00,7
1980-02-10 15:00:00,1980-02-11 18:00:00,27
1980-02-13 19:00:00,1980-02-14 04:00:00,9
1980-02-16 02:00:00,1980-02-16 15:00:00,13
1980-02-19 02:00:00,1980-02-21 07:00:00,53
1980-02-23 09:00:00,1980-02-25 06:00:00,45
1980-02-25 13:00:00,1980-03-04 12:00:00,191
1980-03-09 01:00:00,1980-03-09 20:00:00,19
1980-03-10 18:00:00,1980-03-11 03:00:00,9
1980-03-13 11:00:00,1980-03-13 18:00:00,7
1980-03-14 02:00:00,1980-03-16 19:00:00,64
1980-03-20 22:00:00,1980-03-23 03:00:00,53
1980-03-25 06:00:00,1980-03-25 16:00:00,10
1980-03-26 06:00:00,1980-03-26 13:00:00,7
1980-03-29 20:00:00,1980-03-30 15:00:00,19
1980-04-01 06:00:00,1980-04-01 19:00:00,13
1980-04-02 10:00:00,1980-04-12 05:00:00,235
1980-04-13 13:00:00,1980-04-14 05:00:00,16
1980-04-14 19:00:00,1980-04-17 05:00:00,58
1980-04-17 08:00:00,1980-04-19 04:00:00,44
1980-04-19 10:00:00,1980-04-19 18:00:00,8
1980-04-20 12:00:00,1980-04-28 20:00:00,200
1980-04-28 22:00:00,1980-04-29 19:00:00,21
1980-05-03 13:00:00,1980-05-04,11
1980-05-04 10:00:00,1980-05-06 18:00:00,56
1980-05-06 20:00:00,1980-05-09 11:00:00,63
1980-05-11 23:00:00,1980-05-20 04:00:00,197
1980-05-21 23:00:00,1980-05-22 11:00:00,12
1980-05-22 19:00:00,1980-05-29,149
1980-05-29 07:00:00,1980-05-30 19:00:00,36
1980-05-31 21:00:00,1980-06-02 12:00:00,39
1980-06-02 22:00:00,1980-06-03 20:00:00,22
1980-06-04 01:00:00,1980-06-06 16:00:00,63
1980-06-06 19:00:00,1980-06-12 22:00:00,147
1980-06-13 14:00:00,1980-06-14 16:00:00,26
1980-06-15,1980-06-15 10:00:00,10
1980-06-17 11:00:00,1980-06-18 14:00:00,27
1980-06-22,1980-06-23 16:00:00,40
1980-06-23 20:00:00,1980-06-27 14:00:00,90
1980-06-28 08:00:00,1980-06-30 15:00:00,55
1980-07-01 11:00:00,1980-07-03 23:00:00,60
1980-07-04 05:00:00,1980-07-09 02:00:00,117
1980-07-09 10:00:00,1980-07-10 04:00:00,18
1980-07-10 08:00:00,1980-07-11 22:00:00,38
1980-07-12 19:00:00,1980-07-17 05:00:00,106
1980-07-19 14:00:00,1980-07-20 05:00:00,15
1980-07-20 16:00:00,1980-07-21 22:00:00,30
1980-07-22 10:00:00,1980-07-23 05:00:00,19
1980-07-23 20:00:00,1980-07-24 13:00:00,17
1980-07-26 06:00:00,1980-07-27 16:00:00,34
1980-07-28 04:00:00,1980-07-29 01:00:00,21
1980-07-29 09:00:00,1980-07-30 07:00:00,22
1980-07-31 12:00:00,1980-08-03 12:00:00,72
1980-08-04 03:00:00,1980-08-04 15:00:00,12
1980-08-06 19:00:00,1980-08-10 22:00:00,99
1980-08-14 05:00:00,1980-08-16 12:00:00,55
1980-08-17 23:00:00,1980-08-18 09:00:00,10
1980-08-18 11:00:00,1980-08-19 17:00:00,30
1980-08-21 04:00:00,1980-08-27 18:00:00,158
1980-08-27 21:00:00,1980-08-29 02:00:00,29
1980-08-29 04:00:00,1980-08-29 16:00:00,12
1980-08-30,1980-08-30 08:00:00,8
1980-08-30 12:00:00,1980-09-04 07:00:00,115
1980-09-05 11:00:00,1980-09-05 22:00:00,11
1980-09-07 14:00:00,1980-09-08 21:00:00,31
1980-09-08 23:00:00,1980-09-09 11:00:00,12
1980-09-14 19:00:00,1980-09-15 02:00:00,7
1980-09-20 07:00:00,1980-09-21 05:00:00,22
1980-09-22 14:00:00,1980-09-22 20:00:00,6
1980-09-23 01:00:00,1980-09-23 07:00:00,6
1980-09-23 11:00:00,1980-09-26 06:00:00,67
1980-09-26 21:00:00,1980-09-29 12:00:00,63
1980-09-29 20:00:00,1980-10-01 04:00:00,32
1980-10-01 09:00:00,1980-10-03 08:00:00,47
1980-10-04 05:00:00,1980-10-05 06:00:00,25
1980-10-09 11:00:00,1980-10-10 05:00:00,18
1980-10-12 05:00:00,1980-10-13 05:00:00,24
1980-10-13 12:00:00,1980-10-14 19:00:00,31
1980-10-18 12:00:00,1980-10-19 02:00:00,14
1980-10-19 18:00:00,1980-10-20 09:00:00,15
1980-10-23 19:00:00,1980-10-24 14:00:00,19
1980-10-25 05:00:00,1980-10-25 17:00:00,12
1980-10-26 04:00:00,1980-10-26 16:00:00,12
1980-10-29 09:00:00,1980-10-31 04:00:00,43
1980-11-03 14:00:00,1980-11-03 21:00:00,7
1980-11-10,1980-11-11 15:00:00,39
1980-11-12 07:00:00,1980-11-13 03:00:00,20
1980-11-13 10:00:00,1980-11-13 18:00:00,8
1980-11-26 10:00:00,1980-11-26 16:00:00,6
1980-11-29 20:00:00,1980-12-01 20:00:00,48
1980-12-04 16:00:00,1980-12-05 02:00:00,10
1980-12-06 12:00:00,1980-12-06 18:00:00,6
1980-12-07 03:00:00,1980-12-08 17:00:00,38
1980-12-22 04:00:00,1980-12-22 10:00:00,6
1980-12-27 10:00:00,1980-12-27 21:00:00,11
1980-12-27 23:00:00,1980-12-29,25
1981-01-03 20:00:00,1981-01-04 06:00:00,10
1981-01-04 20:00:00,1981-01-05 22:00:00,26
1981-01-06 20:00:00,1981-01-08 11:00:00,39
1981-01-09 11:00:00,1981-01-09 17:00:00,6
1981-01-11 10:00:00,1981-01-11 23:00:00,13
1981-01-15 22:00:00,1981-01-16 05:00:00,7
1981-01-19 16:00:00,1981-01-21 09:00:00,41
1981-01-21 23:00:00,1981-01-24 04:00:00,53
1981-01-24 07:00:00,1981-02-01 20:00:00,205
1981-02-09 19:00:00,1981-02-11 13:00:00,42
1981-02-14 02:00:00,1981-02-17,70
1981-02-18 14:00:00,1981-02-21 03:00:00,61
1981-02-21 13:00:00,1981-02-23 01:00:00,36
1981-02-23 15:00:00,1981-02-25 08:00:00,41
1981-03-03 18:00:00,1981-03-05 07:00:00,37
1981-03-06 06:00:00,1981-03-06 15:00:00,9
1981-03-14 11:00:00,1981-03-15 01:00:00,14
1981-03-15 12:00:00,1981-03-16 04:00:00,16
1981-03-17 09:00:00,1981-03-18 03:00:00,18
1981-03-20 07:00:00,1981-03-20 17:00:00,10
1981-03-30 08:00:00,1981-04-01 03:00:00,43
1981-04-01 22:00:00,1981-04-10 11:00:00,205
1981-04-12 01:00:00,1981-04-13 16:00:00,39
1981-04-14 11:00:00,1981-04-19 15:00:00,124
1981-04-20 11:00:00,1981-04-23 22:00:00,83
1981-04-27 20:00:00,1981-05-02 01:00:00,101
1981-05-02 13:00:00,1981-05-03 03:00:00,14
1981-05-04 11:00:00,1981-05-05 10:00:00,23
1981-05-06 03:00:00,1981-05-06 11:00:00,8
1981-05-07 01:00:00,1981-05-07 08:00:00,7
1981-05-07 13:00:00,1981-05-08 10:00:00,21
1981-05-08 23:00:00,1981-05-09 10:00:00,11
1981-05-10 16:00:00,1981-05-14 18:00:00,98
1981-05-17 21:00:00,1981-05-18 06:00:00,9
1981-05-19 03:00:00,1981-05-19 23:00:00,20
1981-05-20 06:00:00,1981-05-21,18
1981-05-22 02:00:00,1981-05-22 19:00:00,17
1981-05-24 18:00:00,1981-05-27 12:00:00,66
1981-05-27 23:00:00,1981-06-01 19:00:00,116
1981-06-01 23:00:00,1981-06-02 06:00:00,7
1981-06-05 03:00:00,1981-06-05 18:00:00,15
1981-06-07 03:00:00,1981-06-07 10:00:00,7
1981-06-10 04:00:00,1981-06-10 18:00:00,14
1981-06-11 18:00:00,1981-06-13,30
1981-06-14 03:00:00,1981-06-26 08:00:00,293
1981-06-26 21:00:00,1981-06-30 09:00:00,84
1981-06-30 11:00:00,1981-07-01 09:00:00,22
1981-07-01 19:00:00,1981-07-04 22:00:00,75
1981-07-06 21:00:00,1981-07-10 14:00:00,89
1981-07-11 10:00:00,1981-07-16 09:00:00,119
1981-07-16 11:00:00,1981-07-16 21:00:00,10
1981-07-17 09:00:00,1981-07-17 17:00:00,8
1981-07-18 08:00:00,1981-07-20 11:00:00,51
1981-07-21 02:00:00,1981-07-21 17:00:00,15
1981-07-22 11:00:00,1981-07-22 18:00:00,7
1981-07-23 15:00:00,1981-07-24 01:00:00,10
1981-07-24 09:00:00,1981-07-31 02:00:00,161
1981-08-01 04:00:00,1981-08-08 22:00:00,186
1981-08-09 04:00:00,1981-08-19 13:00:00,249
1981-08-20 07:00:00,1981-09-09 09:00:00,482
1981-09-11 22:00:00,1981-09-14 05:00:00,55
1981-09-15 06:00:00,1981-09-16 14:00:00,32
1981-09-16 19:00:00,1981-09-17 11:00:00,16
1981-09-18,1981-09-18 10:00:00,10
1981-09-21 19:00:00,1981-09-23 07:00:00,36
1981-09-26,1981-09-26 22:00:00,22
1981-09-28 08:00:00,1981-09-29 06:00:00,22
1981-09-30 16:00:00,1981-10-01 13:00:00,21
1981-10-04 09:00:00,1981-10-06 12:00:00,51
1981-10-10 08:00:00,1981-10-10 16:00:00,8
1981-10-11 13:00:00,1981-10-12 12:00:00,23
1981-10-13,1981-10-16 23:00:00,95
1981-10-18 02:00:00,1981-10-18 16:00:00,14
1981-10-22 12:00:00,1981-10-24 17:00:00,53
1981-10-26 03:00:00,1981-10-26 11:00:00,8
1981-10-29 23:00:00,1981-10-30 09:00:00,10
1981-10-31 09:00:00,1981-11-01 04:00:00,19
1981-11-02 10:00:00,1981-11-02 17:00:00,7
1981-11-04 09:00:00,1981-11-05 23:00:00,38
1981-11-06 12:00:00,1981-11-07 08:00:00,20
1981-11-08 06:00:00,1981-11-10 07:00:00,49
1981-11-11 15:00:00,1981-11-15 01:00:00,82
1981-11-16,1981-11-16 22:00:00,22
1981-11-19 06:00:00,1981-11-19 15:00:00,9
1981-11-20 18:00:00,1981-11-21 08:00:00,14
1981-11-24 07:00:00,1981-11-25 18:00:00,35
1981-11-29 04:00:00,1981-11-29 13:00:00,9
1981-11-29 16:00:00,1981-11-29 23:00:00,7
1981-12-01 02:00:00,1981-12-03 22:00:00,68
1981-12-04 22:00:00,1981-12-06,26
1981-12-08 14:00:00,1981-12-11 09:00:00,67
1981-12-11 22:00:00,1981-12-12 07:00:00,9
1981-12-18 13:00:00,1981-12-19 03:00:00,14
1981-12-21 22:00:00,1981-12-22 23:00:00,25
1981-12-24 20:00:00,1981-12-25 14:00:00,18
1981-12-31 03:00:00,1982-01-01 02:00:00,23
1982-01-01 08:00:00,1982-01-01 20:00:00,12
1982-01-13 01:00:00,1982-01-15 06:00:00,53
1982-01-17 06:00:00,1982-01-17 17:00:00,11
1982-01-23 02:00:00,1982-01-24,22
1982-01-24 15:00:00,1982-01-25 12:00:00,21
1982-01-27 12:00:00,1982-01-28 01:00:00,13
1982-01-28 10:00:00,1982-01-28 21:00:00,11
1982-01-30 16:00:00,1982-02-01 04:00:00,36
1982-02-01 11:00:00,1982-02-01 22:00:00,11
1982-02-07 07:00:00,1982-02-07 15:00:00,8
1982-02-07 22:00:00,1982-02-08 06:00:00,8
1982-02-14 15:00:00,1982-02-14 21:00:00,6
1982-02-16 07:00:00,1982-02-17 07:00:00,24
1982-02-18 03:00:00,1982-02-19,21
1982-02-22 06:00:00,1982-02-24 04:00:00,46
1982-02-25 09:00:00,1982-02-25 21:00:00,12
1982-02-26 10:00:00,1982-02-27 14:00:00,28
1982-03-04 22:00:00,1982-03-05 12:00:00,14
1982-03-07 09:00:00,1982-03-08,15
1982-03-08 10:00:00,1982-03-08 18:00:00,8
1982-03-18 08:00:00,1982-03-19 02:00:00,18
1982-03-20 09:00:00,1982-03-21,15
1982-03-21 06:00:00,1982-03-29 02:00:00,187
1982-03-29 14:00:00,1982-03-29 23:00:00,9
1982-03-30 22:00:00,1982-04-03 08:00:00,82
1982-04-04 17:00:00,1982-04-06 20:00:00,51
1982-04-08 14:00:00,1982-04-16 19:00:00,197
1982-04-16 23:00:00,1982-04-23,145
1982-04-23 03:00:00,1982-04-26 04:00:00,73
1982-04-26 11:00:00,1982-04-29 06:00:00,67
1982-04-29 11:00:00,1982-04-30 06:00:00,19
1982-04-30 11:00:00,1982-04-30 19:00:00,8
1982-05-01 13:00:00,1982-05-02 06:00:00,17
1982-05-03 10:00:00,1982-05-03 18:00:00,8
1982-05-04 09:00:00,1982-05-05 23:00:00,38
1982-05-06 10:00:00,1982-05-10 01:00:00,87
1982-05-10 14:00:00,1982-05-10 23:00:00,9
1982-05-12 13:00:00,1982-05-21 10:00:00,213
1982-05-23 11:00:00,1982-05-24 09:00:00,22
1982-05-25 10:00:00,1982-06-10 06:00:00,380
1982-06-10 14:00:00,1982-06-15 08:00:00,114
1982-06-16 03:00:00,1982-06-17 10:00:00,31
1982-06-18 05:00:00,1982-06-18 17:00:00,12
1982-06-19 15:00:00,1982-06-22 03:00:00,60
1982-06-23 04:00:00,1982-06-23 11:00:00,7
1982-06-23 14:00:00,1982-06-24 09:00:00,19
1982-06-25 10:00:00,1982-06-27 12:00:00,50
1982-06-28 22:00:00,1982-06-30 10:00:00,36
1982-07-01 01:00:00,1982-07-01 12:00:00,11
1982-07-01 14:00:00,1982-07-04 02:00:00,60
1982-07-04 16:00:00,1982-07-05 19:00:00,27
1982-07-06 03:00:00,1982-07-08 19:00:00,64
1982-07-09 03:00:00,1982-07-11 12:00:00,57
1982-07-12 14:00:00,1982-07-14 13:00:00,47
1982-07-14 19:00:00,1982-07-21 09:00:00,158
1982-07-21 11:00:00,1982-08-04 10:00:00,335
1982-08-04 18:00:00,1982-08-06 05:00:00,35
1982-08-06 10:00:00,1982-08-08 10:00:00,48
1982-08-08 16:00:00,1982-08-09 09:00:00,17
1982-08-09 18:00:00,1982-08-11 07:00:00,37
1982-08-11 21:00:00,1982-08-12 03:00:00,6
1982-08-13 12:00:00,1982-08-14 14:00:00,26
1982-08-14 19:00:00,1982-08-15 13:00:00,18
1982-08-20 11:00:00,1982-08-20 21:00:00,10
1982-08-21 01:00:00,1982-08-21 09:00:00,8
1982-08-22 10:00:00,1982-08-24 04:00:00,42
1982-08-25 02:00:00,1982-08-25 12:00:00,10
1982-08-26 18:00:00,1982-08-28 21:00:00,51
1982-08-31 04:00:00,1982-09-06 01:00:00,141
1982-09-06 05:00:00,1982-09-06 17:00:00,12
1982-09-07 11:00:00,1982-09-12,109
1982-09-12 14:00:00,1982-09-20 01:00:00,179
1982-09-21 14:00:00,1982-09-22 14:00:00,24
1982-09-22 23:00:00,1982-09-23 16:00:00,17
1982-09-29 12:00:00,1982-09-30 04:00:00,16
1982-10-03 03:00:00,1982-10-03 09:00:00,6
1982-10-07 11:00:00,1982-10-08,13
1982-10-08 11:00:00,1982-10-11 03:00:00,64
1982-10-11 16:00:00,1982-10-12 03:00:00,11
1982-10-15 02:00:00,1982-10-15 17:00:00,15
1982-10-18 19:00:00,1982-10-19 03:00:00,8
1982-10-20 06:00:00,1982-10-23 22:00:00,88
1982-10-24 09:00:00,1982-10-25 21:00:00,36
1982-10-31 15:00:00,1982-10-31 23:00:00,8
1982-11-01 19:00:00,1982-11-04 10:00:00,63
1982-11-04 13:00:00,1982-11-04 21:00:00,8
1982-11-05 10:00:00,1982-11-06 09:00:00,23
1982-11-09 08:00:00,1982-11-09 14:00:00,6
1982-11-15 11:00:00,1982-11-15 18:00:00,7
1982-11-26 07:00:00,1982-11-28 03:00:00,44
1982-11-28 15:00:00,1982-12-03 17:00:00,122
1982-12-05 05:00:00,1982-12-06 18:00:00,37
1982-12-23,1982-12-23 11:00:00,11
1982-12-24 07:00:00,1982-12-25 02:00:00,19
1982-12-27 19:00:00,1982-12-29 11:00:00,40
1982-12-31 02:00:00,1982-12-31 17:00:00,15
1983-01-02 07:00:00,1983-01-02 13:00:00,6
1983-01-19 10:00:00,1983-01-21 01:00:00,39
1983-01-21 03:00:00,1983-01-22 01:00:00,22
1983-01-25 23:00:00,1983-01-26 11:00:00,12
1983-02-03 01:00:00,1983-02-04 10:00:00,33
1983-02-09 10:00:00,1983-02-10 07:00:00,21
1983-02-12 13:00:00,1983-02-14 16:00:00,51
1983-02-16 06:00:00,1983-02-17 04:00:00,22
1983-02-19 09:00:00,1983-02-19 21:00:00,12
1983-02-23 17:00:00,1983-02-24 08:00:00,15
1983-02-24 13:00:00,1983-02-25 09:00:00,20
1983-02-25 23:00:00,1983-02-26 08:00:00,9
1983-02-28 14:00:00,1983-03-02 05:00:00,39
1983-03-03 22:00:00,1983-03-12 04:00:00,198
1983-03-14 20:00:00,1983-03-16 09:00:00,37
1983-03-16 21:00:00,1983-03-17 03:00:00,6
1983-03-19 06:00:00,1983-03-19 20:00:00,14
1983-03-20 05:00:00,1983-03-20 15:00:00,10
1983-03-26 05:00:00,1983-03-26 20:00:00,15
1983-03-27 14:00:00,1983-03-29 12:00:00,46
1983-04-02 10:00:00,1983-04-02 19:00:00,9
1983-04-03 06:00:00,1983-04-03 15:00:00,9
1983-04-05 07:00:00,1983-04-05 17:00:00,10
1983-04-07 03:00:00,1983-04-07 17:00:00,14
1983-04-08 04:00:00,1983-04-09 23:00:00,43
1983-04-12 08:00:00,1983-04-13 13:00:00,29
1983-04-13 19:00:00,1983-04-21 20:00:00,193
1983-04-23 02:00:00,1983-04-24 03:00:00,25
1983-04-24 12:00:00,1983-04-25,12
1983-04-26 14:00:00,1983-05-04 22:00:00,200
1983-05-07 01:00:00,1983-05-08 23:00:00,46
1983-05-13 18:00:00,1983-05-15 18:00:00,48
1983-05-17 09:00:00,1983-05-30 16:00:00,319
1983-05-30 19:00:00,1983-06-02 07:00:00,60
1983-06-02 14:00:00,1983-06-03 03:00:00,13
1983-06-03 13:00:00,1983-06-05 18:00:00,53
1983-06-06 13:00:00,1983-06-10 13:00:00,96
1983-06-11 10:00:00,1983-06-11 17:00:00,7
1983-06-12 01:00:00,1983-06-12 12:00:00,11
1983-06-12 23:00:00,1983-06-13 07:00:00,8
1983-06-14 22:00:00,1983-06-23 04:00:00,198
1983-06-23 09:00:00,1983-07-01 15:00:00,198
1983-07-02 02:00:00,1983-07-19 04:00:00,410
1983-07-19 09:00:00,1983-07-28 01:00:00,208
1983-07-28 03:00:00,1983-08-01,93
1983-08-01 09:00:00,1983-08-01 23:00:00,14
1983-08-02 10:00:00,1983-08-09 16:00:00,174
1983-08-09 22:00:00,1983-08-15 11:00:00,133
1983-08-16 22:00:00,1983-08-24 09:00:00,179
1983-08-24 11:00:00,1983-08-27 20:00:00,81
1983-08-28 08:00:00,1983-09-01 03:00:00,91
1983-09-01 08:00:00,1983-09-01 19:00:00,11
1983-09-05 10:00:00,1983-09-07 18:00:00,56
1983-09-08 09:00:00,1983-09-08 15:00:00,6
1983-09-08 19:00:00,1983-09-09 23:00:00,28
1983-09-11 21:00:00,1983-09-13 09:00:00,36
1983-09-13 11:00:00,1983-09-14 10:00:00,23
1983-09-20 14:00:00,1983-09-21 12:00:00,22
1983-09-21 20:00:00,1983-09-22 11:00:00,15
1983-09-23 19:00:00,1983-09-24 17:00:00,22
1983-09-24 21:00:00,1983-09-30 09:00:00,132
1983-09-30 11:00:00,1983-09-30 17:00:00,6
1983-10-05 17:00:00,1983-10-06 09:00:00,16
1983-10-07 04:00:00,1983-10-07 18:00:00,14
1983-10-19 07:00:00,1983-10-20 19:00:00,36
1983-10-20 23:00:00,1983-10-21 09:00:00,10
1983-10-21 14:00:00,1983-10-22 02:00:00,12
1983-10-22 04:00:00,1983-10-23 19:00:00,40
1983-10-24 07:00:00,1983-10-25 09:00:00,26
1983-10-25 17:00:00,1983-10-28 05:00:00,60
1983-10-28 23:00:00,1983-10-30,25
1983-10-30 20:00:00,1983-10-31 21:00:00,25
1983-10-31 23:00:00,1983-11-01 15:00:00,16
1983-11-01 18:00:00,1983-11-06 18:00:00,120
1983-11-08 23:00:00,1983-11-09 10:00:00,11
1983-11-10 23:00:00,1983-11-13 18:00:00,67
1983-11-15 11:00:00,1983-11-20 21:00:00,130
1983-11-21 08:00:00,1983-11-21 15:00:00,7
1983-11-21 19:00:00,1983-11-23 17:00:00,46
1983-11-28 23:00:00,1983-11-30 21:00:00,46
1983-12-03,1983-12-04 13:00:00,37
1983-12-05 06:00:00,1983-12-07 09:00:00,51
1983-12-10 13:00:00,1983-12-11 21:00:00,32
1983-12-12 14:00:00,1983-12-12 22:00:00,8
1983-12-17 03:00:00,1983-12-17 14:00:00,11
1983-12-28 20:00:00,1983-12-30 04:00:00,32
1983-12-30 09:00:00,1983-12-30 23:00:00,14
1984-01-05 16:00:00,1984-01-06 22:00:00,30
1984-01-08 23:00:00,1984-01-09 12:00:00,13
1984-01-10,1984-01-10 06:00:00,6
1984-01-18 07:00:00,1984-01-18 21:00:00,14
1984-01-19 17:00:00,1984-01-20 07:00:00,14
1984-01-25 08:00:00,1984-01-25 14:00:00,6
1984-01-27 20:00:00,1984-01-28 08:00:00,12
1984-02-09 03:00:00,1984-02-12 10:00:00,79
1984-02-12 22:00:00,1984-02-16 10:00:00,84
1984-02-16 12:00:00,1984-02-17 21:00:00,33
1984-02-23 08:00:00,1984-02-26 17:00:00,81
1984-02-26 20:00:00,1984-03-01 20:00:00,96
1984-03-03 09:00:00,1984-03-11 12:00:00,195
1984-03-12 23:00:00,1984-03-13 06:00:00,7
1984-03-14 11:00:00,1984-03-15 09:00:00,22
1984-03-16,1984-03-22 21:00:00,165
1984-03-26 09:00:00,1984-03-26 17:00:00,8
1984-03-27 05:00:00,1984-03-31 01:00:00,92
1984-04-01 16:00:00,1984-04-03 02:00:00,34
1984-04-05 12:00:00,1984-04-14 13:00:00,217
1984-04-14 18:00:00,1984-04-15 23:00:00,29
1984-04-16 06:00:00,1984-04-17 11:00:00,29
1984-04-18 10:00:00,1984-04-18 19:00:00,9
1984-04-19 05:00:00,1984-04-22 08:00:00,75
1984-04-22 10:00:00,1984-04-23 02:00:00,16
1984-04-23 04:00:00,1984-04-30 08:00:00,172
1984-05-01 23:00:00,1984-05-03 23:00:00,48
1984-05-04 18:00:00,1984-05-07 02:00:00,56
1984-05-07 23:00:00,1984-05-12 20:00:00,117
1984-05-12 23:00:00,1984-05-21 22:00:00,215
1984-05-23 09:00:00,1984-05-25 23:00:00,62
1984-05-26 14:00:00,1984-05-27 04:00:00,14
1984-05-27 10:00:00,1984-05-31 01:00:00,87
1984-06-01 18:00:00,1984-06-02 03:00:00,9
1984-06-03 02:00:00,1984-06-03 11:00:00,9
1984-06-04 04:00:00,1984-06-12 06:00:00,194
1984-06-14 01:00:00,1984-06-21 20:00:00,187
1984-06-22 21:00:00,1984-06-23 15:00:00,18
1984-06-24 04:00:00,1984-07-09 05:00:00,361
1984-07-11 20:00:00,1984-07-14 05:00:00,57
1984-07-14 08:00:00,1984-07-30 11:00:00,387
1984-07-30 14:00:00,1984-08-01 12:00:00,46
1984-08-01 22:00:00,1984-08-02 20:00:00,22
1984-08-02 23:00:00,1984-08-03 23:00:00,24
1984-08-04 12:00:00,1984-08-07 03:00:00,63
1984-08-07 10:00:00,1984-08-20 06:00:00,308
1984-08-20 16:00:00,1984-08-28 13:00:00,189
1984-08-29 01:00:00,1984-08-30 04:00:00,27
1984-09-01 06:00:00,1984-09-03,42
1984-09-05 08:00:00,1984-09-08 18:00:00,82
1984-09-10 10:00:00,1984-09-10 21:00:00,11
1984-09-11 09:00:00,1984-09-13 10:00:00,49
1984-09-13 16:00:00,1984-09-14 05:00:00,13
1984-09-14 08:00:00,1984-09-17 07:00:00,71
1984-09-18 04:00:00,1984-09-19 02:00:00,22
1984-09-19 14:00:00,1984-09-20 02:00:00,12
1984-09-21 22:00:00,1984-09-22 04:00:00,6
1984-09-24 23:00:00,1984-09-26 21:00:00,46
1984-09-27 09:00:00,1984-09-29 17:00:00,56
1984-09-30 07:00:00,1984-09-30 18:00:00,11
1984-09-30 22:00:00,1984-10-01 19:00:00,21
1984-10-03 18:00:00,1984-10-04 14:00:00,20
1984-10-06 09:00:00,1984-10-06 18:00:00,9
1984-10-07 04:00:00,1984-10-07 16:00:00,12
1984-10-08 21:00:00,1984-10-11 02:00:00,53
1984-10-11 13:00:00,1984-10-12 20:00:00,31
1984-10-14 04:00:00,1984-10-17 14:00:00,82
1984-10-20 23:00:00,1984-10-21 09:00:00,10
1984-10-23 14:00:00,1984-10-24,10
1984-10-25 21:00:00,1984-10-27 04:00:00,31
1984-10-28 15:00:00,1984-10-29 01:00:00,10
1984-10-30 21:00:00,1984-10-31 07:00:00,10
1984-11-02 03:00:00,1984-11-04 19:00:00,64
1984-11-05 05:00:00,1984-11-08,67
1984-11-08 10:00:00,1984-11-08 18:00:00,8
1984-11-08 21:00:00,1984-11-10 22:00:00,49
1984-11-12 22:00:00,1984-11-13 07:00:00,9
1984-11-14 07:00:00,1984-11-16 04:00:00,45
1984-11-17 01:00:00,1984-11-18 14:00:00,37
1984-11-20,1984-11-20 10:00:00,10
1984-11-25 21:00:00,1984-11-26 15:00:00,18
1984-12-02,1984-12-02 19:00:00,19
1984-12-03 12:00:00,1984-12-03 20:00:00,8
1984-12-06,1984-12-06 06:00:00,6
1984-12-09 01:00:00,1984-12-12 08:00:00,79
1984-12-15 15:00:00,1984-12-16 22:00:00,31
1984-12-20 03:00:00,1984-12-20 14:00:00,11
1984-12-21 04:00:00,1984-12-21 17:00:00,13
1984-12-27 09:00:00,1984-12-28 12:00:00,27
1984-12-29 11:00:00,1985-01-04 15:00:00,148
1985-01-06,1985-01-06 10:00:00,10
1985-01-07 11:00:00,1985-01-08 06:00:00,19
1985-01-08 19:00:00,1985-01-09 10:00:00,15
1985-01-09 12:00:00,1985-01-13 21:00:00,105
1985-01-14 05:00:00,1985-01-14 19:00:00,14
1985-01-15 15:00:00,1985-01-17 01:00:00,34
1985-01-18 07:00:00,1985-01-19 09:00:00,26
1985-01-23 09:00:00,1985-01-23 16:00:00,7
1985-01-23 22:00:00,1985-01-24 05:00:00,7
1985-01-26 19:00:00,1985-01-27 02:00:00,7
1985-02-02 17:00:00,1985-02-04 17:00:00,48
1985-02-05 10:00:00,1985-02-06 11:00:00,25
1985-02-17 11:00:00,1985-02-19 01:00:00,38
1985-02-19 15:00:00,1985-02-22 12:00:00,69
1985-02-23 18:00:00,1985-02-25 06:00:00,36
1985-02-25 09:00:00,1985-02-27 19:00:00,58
1985-03-02 12:00:00,1985-03-03 03:00:00,15
1985-03-04 18:00:00,1985-03-05 23:00:00,29
1985-03-07 13:00:00,1985-03-10 12:00:00,71
1985-03-10 23:00:00,1985-03-14 01:00:00,74
1985-03-14 12:00:00,1985-03-14 19:00:00,7
1985-03-17 08:00:00,1985-03-18 09:00:00,25
1985-03-19 20:00:00,1985-03-20 04:00:00,8
1985-03-23 11:00:00,1985-03-24 17:00:00,30
1985-03-24 19:00:00,1985-03-25 23:00:00,28
1985-03-26 15:00:00,1985-03-26 22:00:00,7
1985-03-27 12:00:00,1985-03-29,36
1985-04-08 22:00:00,1985-04-10 17:00:00,43
1985-04-14 18:00:00,1985-04-15 10:00:00,16
1985-04-15 22:00:00,1985-04-19 23:00:00,97
1985-04-24 02:00:00,1985-04-27 04:00:00,74
1985-04-27 10:00:00,1985-04-27 18:00:00,8
1985-04-27 23:00:00,1985-04-28 14:00:00,15
1985-04-29,1985-04-30 18:00:00,42
1985-04-30 21:00:00,1985-05-05 09:00:00,108
1985-05-06 04:00:00,1985-05-09 01:00:00,69
1985-05-10 12:00:00,1985-05-12 12:00:00,48
1985-05-13 14:00:00,1985-05-14 22:00:00,32
1985-05-15 01:00:00,1985-05-23 13:00:00,204
1985-05-25 01:00:00,1985-05-25 07:00:00,6
1985-05-27 08:00:00,1985-06-06 08:00:00,240
1985-06-07 01:00:00,1985-06-08 19:00:00,42
1985-06-10 08:00:00,1985-06-11 01:00:00,17
1985-06-13 02:00:00,1985-06-17 08:00:00,102
1985-06-17 17:00:00,1985-06-20 11:00:00,66
1985-06-23 04:00:00,1985-06-23 23:00:00,19
1985-06-24 03:00:00,1985-06-24 15:00:00,12
1985-06-24 19:00:00,1985-06-28 09:00:00,86
1985-06-29 02:00:00,1985-07-05 15:00:00,157
1985-07-05 23:00:00,1985-07-11 04:00:00,125
1985-07-12 19:00:00,1985-07-15 11:00:00,64
1985-07-16 03:00:00,1985-07-16 21:00:00,18
1985-07-18 20:00:00,1985-07-19 16:00:00,20
1985-07-20 19:00:00,1985-07-21 13:00:00,18
1985-07-22 21:00:00,1985-07-28 23:00:00,146
1985-07-29 07:00:00,1985-08-01 17:00:00,82
1985-08-04 01:00:00,1985-08-04 07:00:00,6
1985-08-06 10:00:00,1985-08-06 20:00:00,10
1985-08-07 06:00:00,1985-08-07 13:00:00,7
1985-08-07 18:00:00,1985-08-08 08:00:00,14
1985-08-10 22:00:00,1985-08-11 11:00:00,13
1985-08-13 06:00:00,1985-08-13 19:00:00,13
1985-08-16 11:00:00,1985-08-18 03:00:00,40
1985-08-18 06:00:00,1985-08-18 15:00:00,9
1985-08-18 21:00:00,1985-08-19 12:00:00,15
1985-08-21 23:00:00,1985-08-22 11:00:00,12
1985-08-25 13:00:00,1985-08-26 19:00:00,30
1985-08-28 06:00:00,1985-08-30 07:00:00,49
1985-08-30 16:00:00,1985-08-30 22:00:00,6
1985-09-01 14:00:00,1985-09-02 03:00:00,13
1985-09-03 22:00:00,1985-09-04 08:00:00,10
1985-09-05 09:00:00,1985-09-07 12:00:00,51
1985-09-08 06:00:00,1985-09-13 16:00:00,130
1985-09-15 15:00:00,1985-09-15 21:00:00,6
1985-09-17 08:00:00,1985-09-20 19:00:00,83
1985-09-23 12:00:00,1985-09-29 23:00:00,155
1985-10-11 04:00:00,1985-10-24 19:00:00,327
1985-10-25 13:00:00,1985-11-01 23:00:00,179
1985-11-02 11:00:00,1985-11-03 22:00:00,35
1985-11-07 10:00:00,1985-11-07 16:00:00,6
1985-11-10 23:00:00,1985-11-11 20:00:00,21
1985-11-12 10:00:00,1985-11-13 22:00:00,36
1985-11-15,1985-11-15 19:00:00,19
1985-11-17 01:00:00,1985-11-18 11:00:00,34
1985-11-20 12:00:00,1985-11-22 17:00:00,53
1985-11-22 21:00:00,1985-11-24 04:00:00,31
1985-11-25 01:00:00,1985-11-27,47
1985-11-27 10:00:00,1985-11-27 16:00:00,6
1985-11-28 01:00:00,1985-11-29 04:00:00,27
1985-11-29 16:00:00,1985-11-30 11:00:00,19
1985-12-05,1985-12-05 12:00:00,12
1985-12-07 23:00:00,1985-12-09 22:00:00,47
1985-12-10 21:00:00,1985-12-11 20:00:00,23
1985-12-16,1985-12-16 07:00:00,7
1985-12-16 09:00:00,1985-12-17 01:00:00,16
1985-12-19,1985-12-19 09:00:00,9
1985-12-28 12:00:00,1985-12-29 23:00:00,35
1986-01-03 18:00:00,1986-01-04 04:00:00,10
1986-01-05 01:00:00,1986-01-05 11:00:00,10
1986-01-06 09:00:00,1986-01-06 15:00:00,6
1986-01-08 18:00:00,1986-01-09 12:00:00,18
1986-01-16 01:00:00,1986-01-16 16:00:00,15
1986-01-17,1986-01-17 19:00:00,19
1986-01-24 22:00:00,1986-01-26 21:00:00,47
1986-01-27 20:00:00,1986-01-28 02:00:00,6
1986-01-29 06:00:00,1986-01-29 16:00:00,10
1986-02-03 23:00:00,1986-02-05 19:00:00,44
1986-02-05 23:00:00,1986-02-06 18:00:00,19
1986-02-08 12:00:00,1986-02-09 23:00:00,35
1986-02-19,1986-02-21 01:00:00,49
1986-02-21 06:00:00,1986-02-22 19:00:00,37
1986-03-02 14:00:00,1986-03-03 17:00:00,27
1986-03-06 22:00:00,1986-03-08,26
1986-03-09 20:00:00,1986-03-12,52
1986-03-18 20:00:00,1986-03-19 16:00:00,20
1986-03-26 04:00:00,1986-03-26 12:00:00,8
1986-04-01 10:00:00,1986-04-02 01:00:00,15
1986-04-02 13:00:00,1986-04-05 16:00:00,75
1986-04-11 10:00:00,1986-04-12 04:00:00,18
1986-04-12 12:00:00,1986-04-13 18:00:00,30
1986-04-13 20:00:00,1986-04-15 23:00:00,51
1986-04-17 18:00:00,1986-04-19 12:00:00,42
1986-04-22 16:00:00,1986-04-27 23:00:00,127
1986-04-30 19:00:00,1986-05-01 05:00:00,10
1986-05-01 13:00:00,1986-05-03 20:00:00,55
1986-05-04 16:00:00,1986-05-04 23:00:00,7
1986-05-06 19:00:00,1986-05-09 06:00:00,59
1986-05-09 12:00:00,1986-05-09 19:00:00,7
1986-05-13 13:00:00,1986-05-13 19:00:00,6
1986-05-14 15:00:00,1986-05-16 21:00:00,54
1986-05-19 01:00:00,1986-05-20 17:00:00,40
1986-05-28 04:00:00,1986-05-30 14:00:00,58
1986-05-30 23:00:00,1986-06-08 16:00:00,209
1986-06-09 22:00:00,1986-06-10 10:00:00,12
1986-06-11 02:00:00,1986-06-12 09:00:00,31
1986-06-12 17:00:00,1986-06-20 05:00:00,180
1986-06-20 08:00:00,1986-06-20 15:00:00,7
1986-06-21 09:00:00,1986-06-21 23:00:00,14
1986-06-22 03:00:00,1986-06-24 11:00:00,56
1986-06-25 02:00:00,1986-07-03 21:00:00,211
1986-07-04 09:00:00,1986-07-16 07:00:00,286
1986-07-16 18:00:00,1986-07-19 18:00:00,72
1986-07-19 23:00:00,1986-07-24 21:00:00,118
1986-07-25 01:00:00,1986-07-26 04:00:00,27
1986-07-26 06:00:00,1986-07-26 16:00:00,10
1986-07-27 14:00:00,1986-07-28 08:00:00,18
1986-07-29 07:00:00,1986-07-30 01:00:00,18
1986-07-31 12:00:00,1986-08-01 08:00:00,20
1986-08-02 22:00:00,1986-08-04 16:00:00,42
1986-08-04 19:00:00,1986-08-05 13:00:00,18
1986-08-07 11:00:00,1986-08-14 13:00:00,170
1986-08-15 16:00:00,1986-08-21 08:00:00,136
1986-08-21 17:00:00,1986-08-23 18:00:00,49
1986-08-24 02:00:00,1986-08-25 05:00:00,27
1986-08-27 11:00:00,1986-08-27 18:00:00,7
1986-08-28 10:00:00,1986-08-28 22:00:00,12
1986-08-29 11:00:00,1986-08-31 23:00:00,60
1986-09-01 11:00:00,1986-09-02 13:00:00,26
1986-09-03 11:00:00,1986-09-11 19:00:00,200
1986-09-11 23:00:00,1986-09-12 05:00:00,6
1986-09-12 11:00:00,1986-09-13 01:00:00,14
1986-09-14 11:00:00,1986-09-14 23:00:00,12
1986-09-16 11:00:00,1986-10-08 21:00:00,538
1986-10-09 17:00:00,1986-10-17 23:00:00,198
1986-10-26 05:00:00,1986-10-26 14:00:00,9
1986-10-31 03:00:00,1986-10-31 12:00:00,9
1986-11-02,1986-11-02 15:00:00,15
1986-11-03 11:00:00,1986-11-04 20:00:00,33
1986-11-05 18:00:00,1986-11-06 19:00:00,25
1986-11-29 03:00:00,1986-11-30 17:00:00,38
1986-12-01 12:00:00,1986-12-02 03:00:00,15
1986-12-09 20:00:00,1986-12-10 05:00:00,9
1986-12-22 20:00:00,1986-12-24 11:00:00,39
1986-12-25 22:00:00,1986-12-26 08:00:00,10
1987-01-02 23:00:00,1987-01-03 20:00:00,21
1987-01-06 21:00:00,1987-01-08,27
1987-01-09 16:00:00,1987-01-10 19:00:00,27
1987-01-15 22:00:00,1987-01-17 06:00:00,32
1987-01-19 23:00:00,1987-01-26 21:00:00,166
1987-01-27 19:00:00,1987-01-28 06:00:00,11
1987-01-30 20:00:00,1987-01-31 22:00:00,26
1987-02-03 17:00:00,1987-02-04 18:00:00,25
1987-02-06 23:00:00,1987-02-07 18:00:00,19
1987-02-08 18:00:00,1987-02-09 02:00:00,8
1987-02-10 12:00:00,1987-02-11 13:00:00,25
1987-02-12 08:00:00,1987-02-13 07:00:00,23
1987-02-14 12:00:00,1987-02-16 18:00:00,54
1987-02-18 03:00:00,1987-02-20 15:00:00,60
1987-02-20 21:00:00,1987-02-21 15:00:00,18
1987-02-21 21:00:00,1987-02-23 15:00:00,42
1987-02-25 19:00:00,1987-02-26 01:00:00,6
1987-03-02 15:00:00,1987-03-03 11:00:00,20
1987-03-04 07:00:00,1987-03-05 08:00:00,25
1987-03-07 21:00:00,1987-03-08 12:00:00,15
1987-03-11 02:00:00,1987-03-16 22:00:00,140
1987-03-20 03:00:00,1987-03-22 03:00:00,48
1987-03-23 12:00:00,1987-03-25 04:00:00,40
1987-03-29 12:00:00,1987-03-29 20:00:00,8
1987-03-30,1987-03-30 23:00:00,23
1987-04-01 11:00:00,1987-04-02 15:00:00,28
1987-04-04 02:00:00,1987-04-05 21:00:00,43
1987-04-06 22:00:00,1987-04-09 15:00:00,65
1987-04-09 21:00:00,1987-04-10 07:00:00,10
1987-04-11 09:00:00,1987-04-18 08:00:00,167
1987-04-20 10:00:00,1987-04-22 07:00:00,45
1987-04-22 18:00:00,1987-04-30 18:00:00,192
1987-05-01 09:00:00,1987-05-01 22:00:00,13
1987-05-03 14:00:00,1987-05-11 04:00:00,182
1987-05-13 09:00:00,1987-05-13 21:00:00,12
1987-05-14 11:00:00,1987-05-14 19:00:00,8
1987-05-15 03:00:00,1987-05-18 02:00:00,71
1987-05-18 10:00:00,1987-05-22 10:00:00,96
1987-05-23 18:00:00,1987-05-24 23:00:00,29
1987-05-25 13:00:00,1987-05-29 15:00:00,98
1987-05-30 12:00:00,1987-05-31 15:00:00,27
1987-05-31 23:00:00,1987-06-02 05:00:00,30
1987-06-02 21:00:00,1987-06-03 10:00:00,13
1987-06-03 12:00:00,1987-06-05 09:00:00,45
1987-06-07 08:00:00,1987-06-07 20:00:00,12
1987-06-08 10:00:00,1987-06-16 16:00:00,198
1987-06-16 18:00:00,1987-06-18 12:00:00,42
1987-06-19 08:00:00,1987-06-25 07:00:00,143
1987-06-25 09:00:00,1987-06-26 16:00:00,31
1987-06-26 19:00:00,1987-06-27 14:00:00,19
1987-06-28 09:00:00,1987-06-30 13:00:00,52
1987-06-30 21:00:00,1987-07-11 01:00:00,244
1987-07-11 03:00:00,1987-07-11 14:00:00,11
1987-07-11 20:00:00,1987-07-15 15:00:00,91
1987-07-15 20:00:00,1987-07-19 03:00:00,79
1987-07-20 08:00:00,1987-07-25,112
1987-07-25 02:00:00,1987-07-26 21:00:00,43
1987-07-27 14:00:00,1987-07-31 01:00:00,83
1987-07-31 18:00:00,1987-08-01 15:00:00,21
1987-08-02 07:00:00,1987-08-11,209
1987-08-11 19:00:00,1987-08-12 12:00:00,17
1987-08-12 19:00:00,1987-08-20 02:00:00,175
1987-08-20 21:00:00,1987-08-24 01:00:00,76
1987-08-24 04:00:00,1987-08-25 23:00:00,43
1987-08-27 09:00:00,1987-08-31 08:00:00,95
1987-08-31 10:00:00,1987-09-02 20:00:00,58
1987-09-07,1987-09-09 06:00:00,54
1987-09-10 23:00:00,1987-09-11 09:00:00,10
1987-09-13 07:00:00,1987-09-13 18:00:00,11
1987-09-14 21:00:00,1987-09-19 11:00:00,110
1987-09-19 19:00:00,1987-09-21,29
1987-09-24 03:00:00,1987-09-26,45
1987-09-26 18:00:00,1987-09-30 02:00:00,80
1987-09-30 17:00:00,1987-10-01 04:00:00,11
1987-10-01 12:00:00,1987-10-02 12:00:00,24
1987-10-03 02:00:00,1987-10-03 19:00:00,17
1987-10-04 03:00:00,1987-10-05 22:00:00,43
1987-10-10 17:00:00,1987-10-11 15:00:00,22
1987-10-12 17:00:00,1987-10-13,7
1987-10-14 17:00:00,1987-10-15 01:00:00,8
1987-10-15 03:00:00,1987-10-15 20:00:00,17
1987-10-19 17:00:00,1987-10-21 03:00:00,34
1987-10-21 22:00:00,1987-10-25 07:00:00,82
1987-10-26 10:00:00,1987-10-27 09:00:00,23
1987-10-27 14:00:00,1987-10-28 17:00:00,27
1987-10-31 03:00:00,1987-11-03 19:00:00,88
1987-11-05 07:00:00,1987-11-08 12:00:00,77
1987-11-09 12:00:00,1987-11-10 04:00:00,16
1987-11-14 08:00:00,1987-11-14 21:00:00,13
1987-11-17 15:00:00,1987-11-18 02:00:00,11
1987-11-20 17:00:00,1987-11-22 02:00:00,33
1987-11-26 05:00:00,1987-11-28 14:00:00,57
1987-11-28 16:00:00,1987-11-28 23:00:00,7
1987-11-30 09:00:00,1987-12-01 13:00:00,28
1987-12-08 20:00:00,1987-12-10 09:00:00,37
1987-12-22 05:00:00,1987-12-22 19:00:00,14
1987-12-23 05:00:00,1987-12-23 22:00:00,17
1988-01-07 10:00:00,1988-01-07 17:00:00,7
1988-01-15 02:00:00,1988-01-18 14:00:00,84
1988-01-21 13:00:00,1988-01-21 19:00:00,6
1988-01-26 15:00:00,1988-01-27,9
1988-02-15 18:00:00,1988-02-23 09:00:00,183
1988-02-25 10:00:00,1988-02-26 01:00:00,15
1988-02-26 14:00:00,1988-02-27 04:00:00,14
1988-02-27 13:00:00,1988-02-28 04:00:00,15
1988-03-01 16:00:00,1988-03-02 14:00:00,22
1988-03-04 18:00:00,1988-03-05 22:00:00,28
1988-03-07 06:00:00,1988-03-09 13:00:00,55
1988-03-09 22:00:00,1988-03-11 05:00:00,31
1988-03-12 12:00:00,1988-03-13 09:00:00,21
1988-03-13 22:00:00,1988-03-14 11:00:00,13
1988-03-27 11:00:00,1988-03-27 20:00:00,9
1988-03-28 07:00:00,1988-03-28 14:00:00,7
1988-03-29,1988-03-29 20:00:00,20
1988-03-31 11:00:00,1988-04-01 06:00:00,19
1988-04-01 13:00:00,1988-04-02 13:00:00,24
1988-04-02 21:00:00,1988-04-04 17:00:00,44
1988-04-04 23:00:00,1988-04-09 03:00:00,100
1988-04-09 12:00:00,1988-04-13 08:00:00,92
1988-04-13 13:00:00,1988-04-13 22:00:00,9
1988-04-14 18:00:00,1988-04-15 17:00:00,23
1988-04-16 05:00:00,1988-04-17 14:00:00,33
1988-04-18 04:00:00,1988-04-20 04:00:00,48
1988-04-21 02:00:00,1988-04-22 20:00:00,42
1988-04-23 16:00:00,1988-04-28 16:00:00,120
1988-04-29 14:00:00,1988-04-30 15:00:00,25
1988-05-03 05:00:00,1988-05-08 20:00:00,135
1988-05-09 09:00:00,1988-05-13 02:00:00,89
1988-05-13 05:00:00,1988-05-17 19:00:00,110
1988-05-18 13:00:00,1988-05-22 02:00:00,85
1988-05-23 11:00:00,1988-05-24 02:00:00,15
1988-05-25 13:00:00,1988-05-27 19:00:00,54
1988-05-28 18:00:00,1988-05-29 10:00:00,16
1988-05-29 23:00:00,1988-05-30 05:00:00,6
1988-05-31 08:00:00,1988-06-01 10:00:00,26
1988-06-01 23:00:00,1988-06-02 12:00:00,13
1988-06-04 08:00:00,1988-06-08 09:00:00,97
1988-06-09 20:00:00,1988-06-12 14:00:00,66
1988-06-12 22:00:00,1988-06-30 06:00:00,416
1988-07-02 16:00:00,1988-07-03 10:00:00,18
1988-07-04 10:00:00,1988-07-06 11:00:00,49
1988-07-07,1988-07-07 14:00:00,14
1988-07-08 05:00:00,1988-07-08 17:00:00,12
1988-07-08 20:00:00,1988-07-09 13:00:00,17
1988-07-12,1988-07-12 09:00:00,9
1988-07-14 12:00:00,1988-07-16 09:00:00,45
1988-07-16 21:00:00,1988-07-18 17:00:00,44
1988-07-19 11:00:00,1988-07-23 15:00:00,100
1988-07-27 01:00:00,1988-07-28 04:00:00,27
1988-07-30 23:00:00,1988-08-08 09:00:00,202
1988-08-08 23:00:00,1988-08-09 21:00:00,22
1988-08-13,1988-08-13 08:00:00,8
1988-08-14 21:00:00,1988-08-17 09:00:00,60
1988-08-18 01:00:00,1988-08-19 01:00:00,24
1988-08-21 11:00:00,1988-08-23 22:00:00,59
1988-08-25 20:00:00,1988-08-26 14:00:00,18
1988-08-27 20:00:00,1988-08-28 08:00:00,12
1988-08-31 04:00:00,1988-08-31 17:00:00,13
1988-09-03 02:00:00,1988-09-03 09:00:00,7
1988-09-04 07:00:00,1988-09-04 13:00:00,6
1988-09-05 06:00:00,1988-09-07 20:00:00,62
1988-09-07 22:00:00,1988-09-10 21:00:00,71
1988-09-10 23:00:00,1988-09-11 23:00:00,24
1988-09-13 16:00:00,1988-09-14,8
1988-09-14 06:00:00,1988-09-22 14:00:00,200
1988-09-26 13:00:00,1988-09-27 05:00:00,16
1988-09-29 07:00:00,1988-10-01 01:00:00,42
1988-10-02 23:00:00,1988-10-03 20:00:00,21
1988-10-10 04:00:00,1988-10-10 16:00:00,12
1988-10-12 14:00:00,1988-10-13 21:00:00,31
1988-10-14 01:00:00,1988-10-14 19:00:00,18
1988-10-14 21:00:00,1988-10-17 20:00:00,71
1988-10-18 10:00:00,1988-10-18 21:00:00,11
1988-10-18 23:00:00,1988-10-20 16:00:00,41
1988-10-23 18:00:00,1988-10-24 12:00:00,18
1988-10-24 22:00:00,1988-10-25 06:00:00,8
1988-10-26 11:00:00,1988-10-27 16:00:00,29
1988-10-27 19:00:00,1988-10-28 18:00:00,23
1988-10-29 15:00:00,1988-11-02 16:00:00,97
1988-11-04 14:00:00,1988-11-07 15:00:00,73
1988-11-09 01:00:00,1988-11-09 16:00:00,15
1988-11-11 04:00:00,1988-11-15 14:00:00,106
1988-11-18 11:00:00,1988-11-20 02:00:00,39
1988-11-21 02:00:00,1988-11-25 21:00:00,115
1988-11-26 09:00:00,1988-11-27 13:00:00,28
1988-11-29 03:00:00,1988-11-29 10:00:00,7
1988-12-01 22:00:00,1988-12-02 12:00:00,14
1988-12-02 18:00:00,1988-12-03 02:00:00,8
1988-12-06 19:00:00,1988-12-07 21:00:00,26
1988-12-08 20:00:00,1988-12-10,28
1988-12-10 02:00:00,1988-12-11 09:00:00,31
1988-12-11 14:00:00,1988-12-18,154
1988-12-19 21:00:00,1988-12-21 13:00:00,40
1988-12-24 14:00:00,1988-12-25 08:00:00,18
1988-12-29 18:00:00,1989-01-02 23:00:00,101
1989-01-06 18:00:00,1989-01-08 19:00:00,49
1989-01-09 12:00:00,1989-01-10 21:00:00,33
1989-01-17 07:00:00,1989-01-19 23:00:00,64
1989-01-22,1989-01-22 12:00:00,12
1989-01-29 17:00:00,1989-02-02 14:00:00,93
1989-02-08 05:00:00,1989-02-08 11:00:00,6
1989-02-10 12:00:00,1989-02-11 02:00:00,14
1989-02-12 15:00:00,1989-02-13 01:00:00,10
1989-02-16 02:00:00,1989-02-16 20:00:00,18
1989-02-21,1989-02-21 10:00:00,10
1989-03-04 09:00:00,1989-03-05 02:00:00,17
1989-03-15 17:00:00,1989-03-16 04:00:00,11
1989-03-17 05:00:00,1989-03-17 22:00:00,17
1989-03-25 04:00:00,1989-03-25 11:00:00,7
1989-03-27 06:00:00,1989-03-27 23:00:00,17
1989-03-28 09:00:00,1989-03-29 13:00:00,28
1989-03-30 23:00:00,1989-04-01 17:00:00,42
1989-04-01 19:00:00,1989-04-02 09:00:00,14
1989-04-05 09:00:00,1989-04-07 01:00:00,40
1989-04-07 12:00:00,1989-04-10 06:00:00,66
1989-04-10 09:00:00,1989-04-10 15:00:00,6
1989-04-13 21:00:00,1989-04-15 10:00:00,37
1989-04-17 10:00:00,1989-04-20 17:00:00,79
1989-04-20 20:00:00,1989-04-23 07:00:00,59
1989-04-23 09:00:00,1989-04-26 10:00:00,73
1989-04-27 12:00:00,1989-04-28 19:00:00,31
1989-04-29 06:00:00,1989-04-30 04:00:00,22
1989-04-30 06:00:00,1989-05-01 09:00:00,27
1989-05-01 11:00:00,1989-05-04 18:00:00,79
1989-05-04 22:00:00,1989-05-05 07:00:00,9
1989-05-06 05:00:00,1989-05-11 09:00:00,124
1989-05-13 01:00:00,1989-05-14 10:00:00,33
1989-05-16 03:00:00,1989-05-21 01:00:00,118
1989-05-21 07:00:00,1989-05-24 22:00:00,87
1989-05-26 01:00:00,1989-05-26 10:00:00,9
1989-05-26 23:00:00,1989-05-30 09:00:00,82
1989-05-30 22:00:00,1989-06-01 13:00:00,39
1989-06-01 16:00:00,1989-06-03 03:00:00,35
1989-06-03 11:00:00,1989-06-05 20:00:00,57
1989-06-06 10:00:00,1989-06-08 11:00:00,49
1989-06-08 18:00:00,1989-06-09 04:00:00,10
1989-06-10 06:00:00,1989-06-11 04:00:00,22
1989-06-12 14:00:00,1989-06-25 05:00:00,303
1989-06-26 20:00:00,1989-06-27 04:00:00,8
1989-06-27 13:00:00,1989-06-27 19:00:00,6
1989-06-28 21:00:00,1989-06-30 08:00:00,35
1989-07-01 06:00:00,1989-07-25 11:00:00,581
1989-07-25 20:00:00,1989-07-28,52
1989-07-29 18:00:00,1989-08-08 17:00:00,239
1989-08-09 15:00:00,1989-08-10 16:00:00,25
1989-08-11 20:00:00,1989-08-12 02:00:00,6
1989-08-16 23:00:00,1989-08-19 02:00:00,51
1989-08-20 22:00:00,1989-08-21 17:00:00,19
1989-08-22 04:00:00,1989-08-24 13:00:00,57
1989-08-25,1989-08-27 02:00:00,50
1989-08-27 11:00:00,1989-08-28 21:00:00,34
1989-08-29 20:00:00,1989-08-30 05:00:00,9
1989-08-30 16:00:00,1989-09-08,200
1989-09-11 11:00:00,1989-09-13 09:00:00,46
1989-09-13 16:00:00,1989-09-14 12:00:00,20
1989-09-16 08:00:00,1989-09-17 20:00:00,36
1989-09-21 19:00:00,1989-09-22 07:00:00,12
1989-09-22 19:00:00,1989-09-25,53
1989-09-25 02:00:00,1989-10-03 23:00:00,213
1989-10-05 13:00:00,1989-10-06,11
1989-10-08 11:00:00,1989-10-09 03:00:00,16
1989-10-09 12:00:00,1989-10-11 09:00:00,45
1989-10-11 11:00:00,1989-10-13 09:00:00,46
1989-10-14 13:00:00,1989-10-15 10:00:00,21
1989-10-17,1989-10-19 02:00:00,50
1989-10-23 09:00:00,1989-10-24 04:00:00,19
1989-10-25 21:00:00,1989-10-26 19:00:00,22
1989-10-27 09:00:00,1989-10-27 17:00:00,8
1989-11-06,1989-11-06 18:00:00,18
1989-11-07 04:00:00,1989-11-08 06:00:00,26
1989-11-12 03:00:00,1989-11-15 03:00:00,72
1989-11-17 20:00:00,1989-11-18 05:00:00,9
1989-11-23 04:00:00,1989-11-28 20:00:00,136
1989-11-29 11:00:00,1989-12-08 18:00:00,223
1989-12-08 22:00:00,1989-12-09 05:00:00,7
1989-12-09 10:00:00,1989-12-10 20:00:00,34
1989-12-26 22:00:00,1989-12-27 09:00:00,11
1989-12-29 19:00:00,1989-12-30 17:00:00,22
1990-01-05 03:00:00,1990-01-05 11:00:00,8
1990-01-06 15:00:00,1990-01-07 01:00:00,10
1990-01-08 06:00:00,1990-01-08 13:00:00,7
1990-02-10 01:00:00,1990-02-10 07:00:00,6
1990-03-02 08:00:00,1990-03-02 14:00:00,6
1990-03-02 16:00:00,1990-03-03 03:00:00,11
1990-03-08,1990-03-08 09:00:00,9
1990-03-09 07:00:00,1990-03-09 17:00:00,10
1990-03-12,1990-03-12 21:00:00,21
1990-03-19 06:00:00,1990-03-20 13:00:00,31
1990-03-22 06:00:00,1990-03-22 22:00:00,16
1990-03-25 14:00:00,1990-03-28 02:00:00,60
1990-03-28 08:00:00,1990-04-01 17:00:00,105
1990-04-01 22:00:00,1990-04-02 13:00:00,15
1990-04-03 13:00:00,1990-04-05 08:00:00,43
1990-04-05 20:00:00,1990-04-06 10:00:00,14
1990-04-08 11:00:00,1990-04-10 08:00:00,45
1990-04-10 22:00:00,1990-04-11 16:00:00,18
1990-04-12 06:00:00,1990-04-12 15:00:00,9
1990-04-13 06:00:00,1990-04-14 04:00:00,22
1990-04-18 03:00:00,1990-04-18 14:00:00,11
1990-04-21 15:00:00,1990-04-22 10:00:00,19
1990-04-22 12:00:00,1990-04-26 05:00:00,89
1990-04-26 16:00:00,1990-05-14 10:00:00,426
1990-05-16 21:00:00,1990-05-19 05:00:00,56
1990-05-19 14:00:00,1990-05-20 17:00:00,27
1990-05-21 01:00:00,1990-05-26 07:00:00,126
1990-05-26 11:00:00,1990-06-01 14:00:00,147
1990-06-02 18:00:00,1990-06-03 03:00:00,9
1990-06-04 04:00:00,1990-06-05 04:00:00,24
1990-06-05 12:00:00,1990-06-06 03:00:00,15
1990-06-06 18:00:00,1990-06-07 01:00:00,7
1990-06-07 08:00:00,1990-06-07 18:00:00,10
1990-06-09 09:00:00,1990-06-17 19:00:00,202
1990-06-18 05:00:00,1990-06-19 09:00:00,28
1990-06-21,1990-06-21 09:00:00,9
1990-06-22 19:00:00,1990-06-23 17:00:00,22
1990-06-24 21:00:00,1990-06-27 16:00:00,67
1990-06-27 20:00:00,1990-06-29 09:00:00,37
1990-06-29 19:00:00,1990-06-30 01:00:00,6
1990-06-30 04:00:00,1990-06-30 20:00:00,16
1990-07-01 14:00:00,1990-07-03 23:00:00,57
1990-07-06 04:00:00,1990-07-06 13:00:00,9
1990-07-10 04:00:00,1990-07-14 01:00:00,93
1990-07-14 12:00:00,1990-07-21 04:00:00,160
1990-07-21 06:00:00,1990-07-27 09:00:00,147
1990-07-27 11:00:00,1990-07-28 21:00:00,34
1990-07-30 18:00:00,1990-08-10 23:00:00,269
1990-08-11 05:00:00,1990-08-14 21:00:00,88
1990-08-18 01:00:00,1990-08-19 01:00:00,24
1990-08-20 01:00:00,1990-08-20 13:00:00,12
1990-08-20 16:00:00,1990-08-27 15:00:00,167
1990-08-27 21:00:00,1990-08-28 20:00:00,23
1990-08-29 07:00:00,1990-08-29 15:00:00,8
1990-08-31 05:00:00,1990-09-02 21:00:00,64
1990-09-03 03:00:00,1990-09-05 02:00:00,47
1990-09-07 12:00:00,1990-09-07 18:00:00,6
1990-09-07 22:00:00,1990-09-14 08:00:00,154
1990-09-15 02:00:00,1990-09-17 05:00:00,51
1990-09-17 10:00:00,1990-09-18 01:00:00,15
1990-09-19 22:00:00,1990-09-20 09:00:00,11
1990-09-21 10:00:00,1990-09-22 01:00:00,15
1990-09-22 08:00:00,1990-09-22 16:00:00,8
1990-09-22 22:00:00,1990-09-23 05:00:00,7
1990-09-24 01:00:00,1990-09-25 20:00:00,43
1990-09-26 01:00:00,1990-10-01 21:00:00,140
1990-10-07 15:00:00,1990-10-08 21:00:00,30
1990-10-12 12:00:00,1990-10-12 21:00:00,9
1990-10-15 11:00:00,1990-10-15 22:00:00,11
1990-10-16 03:00:00,1990-10-17 02:00:00,23
1990-10-17 13:00:00,1990-10-18 02:00:00,13
1990-10-18 14:00:00,1990-10-20 07:00:00,41
1990-10-20 13:00:00,1990-10-20 23:00:00,10
1990-10-22 11:00:00,1990-10-23 06:00:00,19
1990-11-01 01:00:00,1990-11-01 16:00:00,15
1990-11-03 22:00:00,1990-11-06 21:00:00,71
1990-11-09 13:00:00,1990-11-09 22:00:00,9
1990-11-15 02:00:00,1990-11-15 10:00:00,8
1990-11-22,1990-11-23,24
1990-11-27 13:00:00,1990-12-06 20:00:00,223
1990-12-11 03:00:00,1990-12-11 12:00:00,9
1990-12-12 21:00:00,1990-12-19,147
1990-12-19 10:00:00,1990-12-19 22:00:00,12
1991-01-12 15:00:00,1991-01-13 09:00:00,18
1991-01-21 07:00:00,1991-01-28,161
1991-01-29 11:00:00,1991-01-29 20:00:00,9
1991-01-31 08:00:00,1991-02-03 12:00:00,76
1991-02-05 01:00:00,1991-02-05 16:00:00,15
1991-02-08 14:00:00,1991-02-10 01:00:00,35
1991-02-10 14:00:00,1991-02-12 06:00:00,40
1991-02-13,1991-02-14 12:00:00,36
1991-02-15 02:00:00,1991-02-15 10:00:00,8
1991-02-15 12:00:00,1991-02-16 18:00:00,30
1991-02-16 21:00:00,1991-02-19 21:00:00,72
1991-02-20 17:00:00,1991-02-21 12:00:00,19
1991-02-28 01:00:00,1991-03-02,47
1991-03-07 13:00:00,1991-03-08 05:00:00,16
1991-03-08 10:00:00,1991-03-11 15:00:00,77
1991-03-13 20:00:00,1991-03-14 23:00:00,27
1991-03-16 01:00:00,1991-03-16 09:00:00,8
1991-03-16 12:00:00,1991-03-17 01:00:00,13
1991-03-22 10:00:00,1991-03-22 19:00:00,9
1991-03-23 10:00:00,1991-03-25 18:00:00,56
1991-03-26 13:00:00,1991-03-31 22:00:00,128
1991-04-08 20:00:00,1991-04-09 02:00:00,6
1991-04-15,1991-04-15 10:00:00,10
1991-04-15 23:00:00,1991-04-16 15:00:00,16
1991-04-17 22:00:00,1991-04-18 07:00:00,9
1991-04-20 03:00:00,1991-04-22,45
1991-04-22 03:00:00,1991-04-24 03:00:00,48
1991-04-24 20:00:00,1991-04-28 22:00:00,98
1991-04-29 14:00:00,1991-04-30 09:00:00,19
1991-05-01 16:00:00,1991-05-02 04:00:00,12
1991-05-02 10:00:00,1991-05-03 06:00:00,20
1991-05-03 08:00:00,1991-05-03 20:00:00,12
1991-05-04 10:00:00,1991-05-07,62
1991-05-07 21:00:00,1991-05-13 08:00:00,131
1991-05-13 16:00:00,1991-05-14 07:00:00,15
1991-05-14 12:00:00,1991-06-05 03:00:00,519
1991-06-05 14:00:00,1991-06-07 09:00:00,43
1991-06-07 15:00:00,1991-06-08 10:00:00,19
1991-06-10 18:00:00,1991-06-11 03:00:00,9
1991-06-14 04:00:00,1991-06-16 02:00:00,46
1991-06-16 10:00:00,1991-06-20 21:00:00,107
1991-06-21 03:00:00,1991-06-21 09:00:00,6
1991-06-23 06:00:00,1991-06-24 17:00:00,35
1991-06-24 20:00:00,1991-06-25 15:00:00,19
1991-06-27 13:00:00,1991-06-29 11:00:00,46
1991-06-29 18:00:00,1991-06-30 13:00:00,19
1991-06-30 21:00:00,1991-07-03 09:00:00,60
1991-07-03 13:00:00,1991-07-04 10:00:00,21
1991-07-05 05:00:00,1991-07-05 21:00:00,16
1991-07-07 20:00:00,1991-07-08 11:00:00,15
1991-07-09 18:00:00,1991-07-10 10:00:00,16
1991-07-10 12:00:00,1991-07-10 20:00:00,8
1991-07-12 22:00:00,1991-07-13 12:00:00,14
1991-07-13 19:00:00,1991-07-14 16:00:00,21
1991-07-16 01:00:00,1991-07-17 20:00:00,43
1991-07-19 04:00:00,1991-07-23 07:00:00,99
1991-07-25 09:00:00,1991-08-02 16:00:00,199
1991-08-02 19:00:00,1991-08-04 20:00:00,49
1991-08-05 07:00:00,1991-08-06 02:00:00,19
1991-08-06 09:00:00,1991-08-09,63
1991-08-10 21:00:00,1991-08-15 13:00:00,112
1991-08-15 17:00:00,1991-08-16 14:00:00,21
1991-08-17 01:00:00,1991-08-21 18:00:00,113
1991-08-24 01:00:00,1991-09-13 21:00:00,500
1991-09-14 18:00:00,1991-09-15 19:00:00,25
1991-09-17,1991-09-17 20:00:00,20
1991-09-18 05:00:00,1991-09-21 05:00:00,72
1991-09-25,1991-09-27 21:00:00,69
1991-09-29 18:00:00,1991-09-30 14:00:00,20
1991-10-02 02:00:00,1991-10-02 10:00:00,8
1991-10-05 21:00:00,1991-10-06 10:00:00,13
1991-10-08 14:00:00,1991-10-09 01:00:00,11
1991-10-09 14:00:00,1991-10-10 05:00:00,15
1991-10-10 16:00:00,1991-10-11 07:00:00,15
1991-10-11 13:00:00,1991-10-12 06:00:00,17
1991-10-12 08:00:00,1991-10-13 17:00:00,33
1991-10-14 13:00:00,1991-10-15 18:00:00,29
1991-10-20 03:00:00,1991-10-29 03:00:00,217
1991-11-05 19:00:00,1991-11-06 06:00:00,11
1991-11-09 13:00:00,1991-11-10 06:00:00,17
1991-11-11 10:00:00,1991-11-11 20:00:00,10
1991-11-14 20:00:00,1991-11-16 08:00:00,36
1991-11-16 17:00:00,1991-11-17 10:00:00,17
1991-11-20 07:00:00,1991-11-22 14:00:00,55
1991-11-27 01:00:00,1991-11-27 09:00:00,8
1991-11-28 08:00:00,1991-11-29 01:00:00,17
1991-11-30 17:00:00,1991-12-05 01:00:00,104
1991-12-10 07:00:00,1991-12-15 08:00:00,121
1991-12-15 10:00:00,1991-12-17 05:00:00,43
1991-12-24 11:00:00,1991-12-25 10:00:00,23
1991-12-26 06:00:00,1991-12-30 19:00:00,109
1991-12-31 13:00:00,1991-12-31 20:00:00,7
1992-01-10 01:00:00,1992-01-22 19:00:00,306
1992-01-26,1992-01-29 20:00:00,92
1992-01-30,1992-02-02 11:00:00,83
1992-02-03 07:00:00,1992-02-03 15:00:00,8
1992-02-04 14:00:00,1992-02-06 13:00:00,47
1992-02-11 16:00:00,1992-02-12,8
1992-02-16 20:00:00,1992-02-17 21:00:00,25
1992-02-18 23:00:00,1992-02-21 14:00:00,63
1992-02-24 13:00:00,1992-02-25 18:00:00,29
1992-02-28 11:00:00,1992-02-28 18:00:00,7
1992-03-08 03:00:00,1992-03-08 23:00:00,20
1992-03-15 15:00:00,1992-03-17 23:00:00,56
1992-03-18 16:00:00,1992-03-19 09:00:00,17
1992-03-25 05:00:00,1992-03-25 15:00:00,10
1992-03-27 15:00:00,1992-03-30 11:00:00,67
1992-03-30 13:00:00,1992-03-31 02:00:00,13
1992-03-31 19:00:00,1992-04-01 02:00:00,7
1992-04-03 23:00:00,1992-04-05 14:00:00,39
1992-04-06 07:00:00,1992-04-06 16:00:00,9
1992-04-06 18:00:00,1992-04-07 01:00:00,7
1992-04-08 07:00:00,1992-04-12 03:00:00,92
1992-04-16 06:00:00,1992-04-16 17:00:00,11
1992-04-17 07:00:00,1992-04-17 18:00:00,11
1992-04-19,1992-04-20 11:00:00,35
1992-04-20 22:00:00,1992-04-22 13:00:00,39
1992-04-22 19:00:00,1992-04-23 08:00:00,13
1992-04-27 23:00:00,1992-04-28 14:00:00,15
1992-04-29 03:00:00,1992-04-29 17:00:00,14
1992-04-29 22:00:00,1992-04-30 05:00:00,7
1992-05-02 11:00:00,1992-05-07 09:00:00,118
1992-05-08 23:00:00,1992-05-10 19:00:00,44
1992-05-11 04:00:00,1992-05-11 10:00:00,6
1992-05-13 03:00:00,1992-05-13 09:00:00,6
1992-05-15 08:00:00,1992-05-16 05:00:00,21
1992-05-16 10:00:00,1992-05-17 05:00:00,19
1992-05-17 09:00:00,1992-05-23 18:00:00,153
1992-05-24,1992-05-25 05:00:00,29
1992-05-27 10:00:00,1992-05-27 20:00:00,10
1992-05-28 01:00:00,1992-06-03 14:00:00,157
1992-06-04,1992-06-06 01:00:00,49
1992-06-06 06:00:00,1992-06-06 19:00:00,13
1992-06-06 22:00:00,1992-06-16 03:00:00,221
1992-06-17,1992-06-17 08:00:00,8
1992-06-17 14:00:00,1992-06-17 20:00:00,6
1992-06-17 22:00:00,1992-06-18 08:00:00,10
1992-06-18 23:00:00,1992-06-19 19:00:00,20
1992-06-19 23:00:00,1992-06-21 03:00:00,28
1992-06-21 10:00:00,1992-06-22 03:00:00,17
1992-06-22 06:00:00,1992-07-02 07:00:00,241
1992-07-03 03:00:00,1992-07-11 05:00:00,194
1992-07-11 07:00:00,1992-07-11 14:00:00,7
1992-07-12 06:00:00,1992-07-12 15:00:00,9
1992-07-14 06:00:00,1992-07-16 15:00:00,57
1992-07-19 19:00:00,1992-07-21 17:00:00,46
1992-07-21 19:00:00,1992-07-22 23:00:00,28
1992-07-23 20:00:00,1992-07-25 08:00:00,36
1992-07-26 15:00:00,1992-07-31 23:00:00,128
1992-08-01 06:00:00,1992-08-02 15:00:00,33
1992-08-05 19:00:00,1992-08-10 14:00:00,115
1992-08-13 21:00:00,1992-08-15 04:00:00,31
1992-08-15 16:00:00,1992-08-16 23:00:00,31
1992-08-17 04:00:00,1992-08-21 21:00:00,113
1992-08-23 05:00:00,1992-08-24 18:00:00,37
1992-08-28 20:00:00,1992-08-29 13:00:00,17
1992-09-04 08:00:00,1992-09-05 16:00:00,32
1992-09-12 04:00:00,1992-09-12 11:00:00,7
1992-09-13 04:00:00,1992-09-14 21:00:00,41
1992-09-15 17:00:00,1992-09-17 03:00:00,34
1992-09-17 09:00:00,1992-09-21 01:00:00,88
1992-09-22 13:00:00,1992-09-24 07:00:00,42
1992-09-24 09:00:00,1992-09-29,111
1992-09-30 11:00:00,1992-10-02 12:00:00,49
1992-10-04 03:00:00,1992-10-04 09:00:00,6
1992-10-07 19:00:00,1992-10-09 06:00:00,35
1992-10-11,1992-10-11 07:00:00,7
1992-10-11 22:00:00,1992-10-14 09:00:00,59
1992-10-15 15:00:00,1992-10-15 21:00:00,6
1992-10-17 01:00:00,1992-10-19 22:00:00,69
1992-10-21 03:00:00,1992-10-21 09:00:00,6
1992-10-22 04:00:00,1992-10-22 14:00:00,10
1992-10-24 16:00:00,1992-10-24 22:00:00,6
1992-10-26 04:00:00,1992-10-26 19:00:00,15
1992-10-29 07:00:00,1992-10-31 12:00:00,53
1992-11-01 13:00:00,1992-11-01 19:00:00,6
1992-11-03 08:00:00,1992-11-04 11:00:00,27
1992-11-04 22:00:00,1992-11-06 01:00:00,27
1992-11-07 07:00:00,1992-11-08 22:00:00,39
1992-11-09 15:00:00,1992-11-09 22:00:00,7
1992-11-12 17:00:00,1992-11-13 17:00:00,24
1992-11-19 19:00:00,1992-11-20 04:00:00,9
1992-11-20 10:00:00,1992-11-21 06:00:00,20
1992-11-28 12:00:00,1992-11-28 20:00:00,8
1992-12-08 13:00:00,1992-12-09 01:00:00,12
1992-12-09 08:00:00,1992-12-11 07:00:00,47
1992-12-12 04:00:00,1992-12-13 05:00:00,25
1992-12-16 10:00:00,1992-12-17,14
1992-12-19 18:00:00,1992-12-20 21:00:00,27
1992-12-21 13:00:00,1992-12-21 19:00:00,6
1992-12-22 05:00:00,1992-12-27 21:00:00,136
1992-12-29,1993-01-01 07:00:00,79
1993-01-06 17:00:00,1993-01-07 03:00:00,10
1993-01-25 14:00:00,1993-01-26 04:00:00,14
1993-01-27 03:00:00,1993-01-27 23:00:00,20
1993-01-28 13:00:00,1993-01-31,59
1993-01-31 17:00:00,1993-02-13 09:00:00,304
1993-02-13 14:00:00,1993-02-13 21:00:00,7
1993-02-14 12:00:00,1993-02-15 07:00:00,19
1993-02-15 14:00:00,1993-02-18 17:00:00,75
1993-02-19 14:00:00,1993-02-20 15:00:00,25
1993-02-21 12:00:00,1993-02-21 18:00:00,6
1993-02-21 21:00:00,1993-02-22 03:00:00,6
1993-02-22 09:00:00,1993-02-24 15:00:00,54
1993-03-04 09:00:00,1993-03-07 21:00:00,84
1993-03-08 11:00:00,1993-03-08 23:00:00,12
1993-03-09 18:00:00,1993-03-11 15:00:00,45
1993-03-14 21:00:00,1993-03-15 07:00:00,10
1993-03-18 10:00:00,1993-03-20 09:00:00,47
1993-03-21 04:00:00,1993-03-22 07:00:00,27
1993-03-23 14:00:00,1993-03-26 10:00:00,68
1993-03-27 18:00:00,1993-03-29 03:00:00,32
1993-04-01,1993-04-01 14:00:00,14
1993-04-01 17:00:00,1993-04-01 23:00:00,6
1993-04-02 10:00:00,1993-04-02 23:00:00,13
1993-04-03 16:00:00,1993-04-04 13:00:00,21
1993-04-06 18:00:00,1993-04-07,6
1993-04-07 10:00:00,1993-04-08 06:00:00,20
1993-04-09 01:00:00,1993-04-09 13:00:00,12
1993-04-09 20:00:00,1993-04-10 16:00:00,20
1993-04-12,1993-04-16 12:00:00,108
1993-04-16 22:00:00,1993-04-17 16:00:00,18
1993-04-21 06:00:00,1993-04-22 07:00:00,25
1993-04-22 13:00:00,1993-04-23 22:00:00,33
1993-04-24 01:00:00,1993-04-26 09:00:00,56
1993-04-26 13:00:00,1993-04-27 18:00:00,29
1993-04-29 07:00:00,1993-05-08 16:00:00,225
1993-05-10 11:00:00,1993-05-11 08:00:00,21
1993-05-12 05:00:00,1993-05-14 07:00:00,50
1993-05-18 14:00:00,1993-05-21 14:00:00,72
1993-05-22 11:00:00,1993-05-23 05:00:00,18
1993-05-23 07:00:00,1993-05-23 21:00:00,14
1993-05-24 08:00:00,1993-05-25 16:00:00,32
1993-05-26 15:00:00,1993-05-28 13:00:00,46
1993-05-28 20:00:00,1993-05-29 10:00:00,14
1993-05-31 14:00:00,1993-05-31 23:00:00,9
1993-06-01 02:00:00,1993-06-01 12:00:00,10
1993-06-01 23:00:00,1993-06-02 10:00:00,11
1993-06-03 05:00:00,1993-06-10 22:00:00,185
1993-06-12 20:00:00,1993-06-13 20:00:00,24
1993-06-14 20:00:00,1993-06-15 15:00:00,19
1993-06-15 20:00:00,1993-06-17 18:00:00,46
1993-06-19 03:00:00,1993-06-19 13:00:00,10
1993-06-19 17:00:00,1993-06-25 21:00:00,148
1993-06-26 06:00:00,1993-07-05 01:00:00,211
1993-07-05 10:00:00,1993-07-08 08:00:00,70
1993-07-08 20:00:00,1993-07-09 16:00:00,20
1993-07-10 10:00:00,1993-07-13 04:00:00,66
1993-07-13 22:00:00,1993-07-16 11:00:00,61
1993-07-16 21:00:00,1993-07-18 03:00:00,30
1993-07-19 15:00:00,1993-07-23 01:00:00,82
1993-07-23 18:00:00,1993-07-24 13:00:00,19
1993-07-28 03:00:00,1993-08-01 15:00:00,108
1993-08-03 04:00:00,1993-08-09 03:00:00,143
1993-08-09 19:00:00,1993-08-11,29
1993-08-11 16:00:00,1993-08-12 03:00:00,11
1993-08-12 15:00:00,1993-08-19 23:00:00,176
1993-08-20 03:00:00,1993-08-21 20:00:00,41
1993-08-23 13:00:00,1993-08-24 01:00:00,12
1993-08-24 06:00:00,1993-08-29 09:00:00,123
1993-08-29 12:00:00,1993-09-05 18:00:00,174
1993-09-06 03:00:00,1993-09-06 09:00:00,6
1993-09-09,1993-09-09 14:00:00,14
1993-09-10 16:00:00,1993-09-12 07:00:00,39
1993-09-16 02:00:00,1993-09-18 04:00:00,50
1993-09-21 06:00:00,1993-09-25 17:00:00,107
1993-09-26 11:00:00,1993-09-28 22:00:00,59
1993-09-30 06:00:00,1993-09-30 15:00:00,9
1993-09-30 19:00:00,1993-10-01 01:00:00,6
1993-10-03 04:00:00,1993-10-03 11:00:00,7
1993-10-06 20:00:00,1993-10-08 05:00:00,33
1993-10-08 19:00:00,1993-10-10 22:00:00,51
1993-10-11 01:00:00,1993-10-11 16:00:00,15
1993-10-14 21:00:00,1993-10-16 18:00:00,45
1993-10-16 22:00:00,1993-10-20 18:00:00,92
1993-10-21 11:00:00,1993-10-27 07:00:00,141
1993-10-27 09:00:00,1993-10-28 01:00:00,16
1993-10-28 19:00:00,1993-11-02 09:00:00,110
1993-11-03 05:00:00,1993-11-07 16:00:00,107
1993-11-08 10:00:00,1993-11-09,14
1993-11-10 03:00:00,1993-11-11 18:00:00,39
1993-11-11 21:00:00,1993-11-12 08:00:00,11
1993-11-13,1993-11-13 08:00:00,8
1993-11-14 17:00:00,1993-11-15 04:00:00,11
1993-11-20 06:00:00,1993-11-23 18:00:00,84
1993-11-25 18:00:00,1993-11-26 19:00:00,25
1993-12-05 11:00:00,1993-12-06 03:00:00,16
1993-12-24 13:00:00,1993-12-25 02:00:00,13
1993-12-25 19:00:00,1993-12-27 18:00:00,47
1994-01-07 13:00:00,1994-01-08 05:00:00,16
1994-01-08 15:00:00,1994-01-09 02:00:00,11
1994-01-17 08:00:00,1994-01-17 22:00:00,14
1994-01-20 14:00:00,1994-01-21,10
1994-01-21 23:00:00,1994-01-22 17:00:00,18
1994-01-23 18:00:00,1994-01-24 03:00:00,9
1994-01-28 15:00:00,1994-01-28 21:00:00,6
1994-01-30 15:00:00,1994-01-31 09:00:00,18
1994-02-09 07:00:00,1994-02-10 16:00:00,33
1994-02-11 01:00:00,1994-02-12 01:00:00,24
1994-02-15 09:00:00,1994-02-17 07:00:00,46
1994-02-28 05:00:00,1994-02-28 21:00:00,16
1994-03-01 03:00:00,1994-03-01 16:00:00,13
1994-03-02 02:00:00,1994-03-02 13:00:00,11
1994-03-09 03:00:00,1994-03-09 13:00:00,10
1994-03-10 02:00:00,1994-03-10 13:00:00,11
1994-03-17 09:00:00,1994-03-18 07:00:00,22
1994-03-19 03:00:00,1994-03-21 02:00:00,47
1994-03-21 08:00:00,1994-03-21 20:00:00,12
1994-03-25 16:00:00,1994-03-26 21:00:00,29
1994-04-06 11:00:00,1994-04-06 23:00:00,12
1994-04-10 12:00:00,1994-04-12 21:00:00,57
1994-04-13 15:00:00,1994-04-14 21:00:00,30
1994-04-16 22:00:00,1994-04-21 15:00:00,113
1994-04-21 23:00:00,1994-04-22 06:00:00,7
1994-04-25 10:00:00,1994-04-25 18:00:00,8
1994-04-29 06:00:00,1994-05-02 09:00:00,75
1994-05-02 12:00:00,1994-05-02 20:00:00,8
1994-05-06 01:00:00,1994-05-10 01:00:00,96
1994-05-12 07:00:00,1994-05-14 04:00:00,45
1994-05-14 17:00:00,1994-05-17 02:00:00,57
1994-05-17 22:00:00,1994-05-19 09:00:00,35
1994-05-19 13:00:00,1994-05-19 22:00:00,9
1994-05-21 13:00:00,1994-05-25 20:00:00,103
1994-05-26 01:00:00,1994-06-02 18:00:00,185
1994-06-04 06:00:00,1994-06-04 13:00:00,7
1994-06-05 08:00:00,1994-06-05 14:00:00,6
1994-06-07 06:00:00,1994-06-09 04:00:00,46
1994-06-09 11:00:00,1994-06-17 15:00:00,196
1994-06-19 20:00:00,1994-06-20 09:00:00,13
1994-06-22 13:00:00,1994-06-24 05:00:00,40
1994-06-24 10:00:00,1994-06-26 03:00:00,41
1994-06-27 15:00:00,1994-06-28 16:00:00,25
1994-06-29 13:00:00,1994-07-04 14:00:00,121
1994-07-04 18:00:00,1994-07-05 22:00:00,28
1994-07-06 01:00:00,1994-07-06 16:00:00,15
1994-07-06 19:00:00,1994-07-09 04:00:00,57
1994-07-10 17:00:00,1994-07-25 08:00:00,351
1994-07-26 15:00:00,1994-08-08 16:00:00,313
1994-08-11 12:00:00,1994-08-16 16:00:00,124
1994-08-17 10:00:00,1994-08-18 08:00:00,22
1994-08-19 09:00:00,1994-08-22 18:00:00,81
1994-08-23 04:00:00,1994-08-23 10:00:00,6
1994-08-24 16:00:00,1994-08-27 06:00:00,62
1994-08-28 20:00:00,1994-08-31 09:00:00,61
1994-08-31 11:00:00,1994-09-01 01:00:00,14
1994-09-01 10:00:00,1994-09-02 22:00:00,36
1994-09-03 01:00:00,1994-09-04 08:00:00,31
1994-09-04 15:00:00,1994-09-05 21:00:00,30
1994-09-06 04:00:00,1994-09-08 03:00:00,47
1994-09-11 11:00:00,1994-09-12 16:00:00,29
1994-09-12 18:00:00,1994-09-13 16:00:00,22
1994-09-15 11:00:00,1994-09-15 18:00:00,7
1994-09-17 08:00:00,1994-09-18 16:00:00,32
1994-09-19 01:00:00,1994-09-19 23:00:00,22
1994-09-21 18:00:00,1994-09-23 21:00:00,51
1994-09-25 04:00:00,1994-09-25 13:00:00,9
1994-09-25 18:00:00,1994-10-02 03:00:00,153
1994-10-02 18:00:00,1994-10-03 06:00:00,12
1994-10-03 15:00:00,1994-10-03 21:00:00,6
1994-10-04 07:00:00,1994-10-06 04:00:00,45
1994-10-07 05:00:00,1994-10-16 09:00:00,220
1994-10-21 23:00:00,1994-10-22 16:00:00,17
1994-10-24 17:00:00,1994-10-25 13:00:00,20
1994-10-27 02:00:00,1994-10-28 18:00:00,40
1994-10-28 22:00:00,1994-10-29 15:00:00,17
1994-11-01 14:00:00,1994-11-01 23:00:00,9
1994-11-04 21:00:00,1994-11-06 09:00:00,36
1994-11-10 12:00:00,1994-11-11 14:00:00,26
1994-11-16 06:00:00,1994-11-16 13:00:00,7
1994-11-16 20:00:00,1994-11-17 09:00:00,13
1994-11-21,1994-11-21 23:00:00,23
1994-11-22 12:00:00,1994-11-23 04:00:00,16
1994-11-23 19:00:00,1994-11-27 12:00:00,89
1994-11-27 17:00:00,1994-11-29 05:00:00,36
1994-11-30 05:00:00,1994-12-01 12:00:00,31
1994-12-14 04:00:00,1994-12-15 02:00:00,22
1994-12-15 11:00:00,1994-12-15 21:00:00,10
1994-12-16,1994-12-16 18:00:00,18
1994-12-20 05:00:00,1994-12-23 17:00:00,84
1995-01-02 08:00:00,1995-01-03 02:00:00,18
1995-01-06 22:00:00,1995-01-07 09:00:00,11
1995-01-11 08:00:00,1995-01-11 19:00:00,11
1995-01-11 22:00:00,1995-01-13 09:00:00,35
1995-01-14 21:00:00,1995-01-15 04:00:00,7
1995-02-06 22:00:00,1995-02-07 22:00:00,24
1995-02-09 01:00:00,1995-02-09 10:00:00,9
1995-02-26 15:00:00,1995-02-27 02:00:00,11
1995-03-11 14:00:00,1995-03-14 15:00:00,73
1995-03-20 02:00:00,1995-03-22 05:00:00,51
1995-03-22 07:00:00,1995-03-24 12:00:00,53
1995-03-27 14:00:00,1995-03-27 23:00:00,9
1995-03-29 02:00:00,1995-03-30 05:00:00,27
1995-03-31 03:00:00,1995-04-01 23:00:00,44
1995-04-03 02:00:00,1995-04-05 05:00:00,51
1995-04-05 21:00:00,1995-04-15 02:00:00,221
1995-04-15 04:00:00,1995-04-15 23:00:00,19
1995-04-16 03:00:00,1995-04-16 23:00:00,20
1995-04-18 11:00:00,1995-04-19,13
1995-04-19 09:00:00,1995-04-22,63
1995-04-23 05:00:00,1995-04-23 12:00:00,7
1995-04-23 17:00:00,1995-04-24 22:00:00,29
1995-04-25 05:00:00,1995-04-25 15:00:00,10
1995-04-26 22:00:00,1995-04-28 09:00:00,35
1995-04-28 13:00:00,1995-04-28 19:00:00,6
1995-04-29 05:00:00,1995-05-01 07:00:00,50
1995-05-02 06:00:00,1995-05-11 05:00:00,215
1995-05-12 10:00:00,1995-05-12 20:00:00,10
1995-05-13 02:00:00,1995-05-16 06:00:00,76
1995-05-16 15:00:00,1995-05-16 21:00:00,6
1995-05-17 11:00:00,1995-05-18 16:00:00,29
1995-05-18 19:00:00,1995-05-26 07:00:00,180
1995-05-30 05:00:00,1995-06-03 03:00:00,94
1995-06-03 19:00:00,1995-06-04 03:00:00,8
1995-06-04 05:00:00,1995-06-08,91
1995-06-08 10:00:00,1995-06-09 01:00:00,15
1995-06-09 09:00:00,1995-06-11 03:00:00,42
1995-06-11 10:00:00,1995-06-11 21:00:00,11
1995-06-12,1995-06-16 15:00:00,111
1995-06-17 09:00:00,1995-06-17 22:00:00,13
1995-06-18,1995-06-18 23:00:00,23
1995-06-19 03:00:00,1995-06-19 15:00:00,12
1995-06-19 21:00:00,1995-06-23 17:00:00,92
1995-06-24 01:00:00,1995-06-24 16:00:00,15
1995-06-24 22:00:00,1995-07-05 15:00:00,257
1995-07-06 04:00:00,1995-07-06 13:00:00,9
1995-07-07 01:00:00,1995-07-10 01:00:00,72
1995-07-10 12:00:00,1995-07-11 09:00:00,21
1995-07-11 16:00:00,1995-07-12 10:00:00,18
1995-07-15 08:00:00,1995-07-17 17:00:00,57
1995-07-18 23:00:00,1995-07-21 21:00:00,70
1995-07-22 01:00:00,1995-07-23 05:00:00,28
1995-07-23 17:00:00,1995-07-25 23:00:00,54
1995-07-26 05:00:00,1995-08-03 11:00:00,198
1995-08-03 22:00:00,1995-08-12 12:00:00,206
1995-08-12 17:00:00,1995-08-24 05:00:00,276
1995-08-25 16:00:00,1995-08-26 11:00:00,19
1995-08-26 16:00:00,1995-08-27 02:00:00,10
1995-08-28 09:00:00,1995-09-02 04:00:00,115
1995-09-02 08:00:00,1995-09-03 01:00:00,17
1995-09-04 02:00:00,1995-09-06 12:00:00,58
1995-09-08 10:00:00,1995-09-13 22:00:00,132
1995-09-14 04:00:00,1995-09-14 12:00:00,8
1995-09-15 12:00:00,1995-09-17 17:00:00,53
1995-09-19 20:00:00,1995-09-23 13:00:00,89
1995-09-24 20:00:00,1995-09-25 05:00:00,9
1995-09-26 08:00:00,1995-09-27 01:00:00,17
1995-09-27 23:00:00,1995-09-29 22:00:00,47
1995-09-30 05:00:00,1995-09-30 17:00:00,12
1995-10-10 17:00:00,1995-10-11 09:00:00,16
1995-10-11 14:00:00,1995-10-11 20:00:00,6
1995-10-12 20:00:00,1995-10-14 20:00:00,48
1995-10-18,1995-10-18 21:00:00,21
1995-10-18 23:00:00,1995-10-20 13:00:00,38
1995-10-20 21:00:00,1995-10-21 22:00:00,25
1995-10-27 13:00:00,1995-10-29 19:00:00,54
1995-10-29 23:00:00,1995-11-03 19:00:00,116
1995-11-06 14:00:00,1995-11-10 19:00:00,101
1995-11-11 16:00:00,1995-11-12 18:00:00,26
1995-11-13 06:00:00,1995-11-14 05:00:00,23
1995-11-18,1995-11-19 23:00:00,47
1995-11-21 22:00:00,1995-11-22 20:00:00,22
1995-11-25 10:00:00,1995-11-25 23:00:00,13
1995-11-26 20:00:00,1995-11-28 12:00:00,40
1995-12-01 12:00:00,1995-12-02 22:00:00,34
1995-12-07 01:00:00,1995-12-08 10:00:00,33
1995-12-09 04:00:00,1995-12-12 13:00:00,81
1995-12-12 18:00:00,1995-12-13 05:00:00,11
1995-12-17 06:00:00,1995-12-19,42
1995-12-24 09:00:00,1995-12-25 06:00:00,21
1995-12-26 12:00:00,1995-12-27 12:00:00,24
1996-01-16 02:00:00,1996-01-18 03:00:00,49
1996-01-18 13:00:00,1996-01-19 07:00:00,18
1996-01-19 19:00:00,1996-01-20 04:00:00,9
1996-01-29 16:00:00,1996-02-04 14:00:00,142
1996-02-06 20:00:00,1996-02-07 02:00:00,6
1996-02-14 02:00:00,1996-02-15 15:00:00,37
1996-02-15 17:00:00,1996-02-16,7
1996-02-21 05:00:00,1996-02-21 21:00:00,16
1996-02-22 06:00:00,1996-02-23 04:00:00,22
1996-02-25 16:00:00,1996-02-27 09:00:00,41
1996-02-28 09:00:00,1996-03-03 02:00:00,89
1996-03-03 04:00:00,1996-03-07 16:00:00,108
1996-03-08 13:00:00,1996-03-09 10:00:00,21
1996-03-09 14:00:00,1996-03-11 11:00:00,45
1996-03-14 20:00:00,1996-03-15 14:00:00,18
1996-03-16 04:00:00,1996-03-16 23:00:00,19
1996-03-17 13:00:00,1996-03-18 09:00:00,20
1996-03-18 14:00:00,1996-03-19 21:00:00,31
1996-03-21 13:00:00,1996-03-24 06:00:00,65
1996-03-25 19:00:00,1996-03-26 07:00:00,12
1996-03-27 11:00:00,1996-04-03 23:00:00,179
1996-04-05 12:00:00,1996-04-08 02:00:00,62
1996-04-08 10:00:00,1996-04-09 09:00:00,23
1996-04-10 09:00:00,1996-04-11 18:00:00,33
1996-04-12 02:00:00,1996-04-13 23:00:00,45
1996-04-14 10:00:00,1996-04-15 20:00:00,34
1996-04-19 13:00:00,1996-04-21 02:00:00,37
1996-04-22 15:00:00,1996-04-23 11:00:00,20
1996-04-23 20:00:00,1996-05-01 12:00:00,184
1996-05-03 22:00:00,1996-05-09 10:00:00,132
1996-05-10 21:00:00,1996-05-14 20:00:00,95
1996-05-14 23:00:00,1996-05-15 16:00:00,17
1996-05-16 19:00:00,1996-05-17 06:00:00,11
1996-05-17 19:00:00,1996-05-18 19:00:00,24
1996-05-24 14:00:00,1996-05-26 05:00:00,39
1996-05-27 17:00:00,1996-05-28 07:00:00,14
1996-05-29 05:00:00,1996-05-30 04:00:00,23
1996-06-01 21:00:00,1996-06-03 02:00:00,29
1996-06-04,1996-06-04 21:00:00,21
1996-06-05 10:00:00,1996-06-09,86
1996-06-10 07:00:00,1996-06-11 01:00:00,18
1996-06-11 19:00:00,1996-06-20 08:00:00,205
1996-06-20 10:00:00,1996-06-27 20:00:00,178
1996-06-29 11:00:00,1996-06-29 23:00:00,12
1996-06-30 05:00:00,1996-06-30 23:00:00,18
1996-07-01 21:00:00,1996-07-02 22:00:00,25
1996-07-04 18:00:00,1996-07-11 16:00:00,166
1996-07-11 20:00:00,1996-07-15 07:00:00,83
1996-07-16 06:00:00,1996-07-30 07:00:00,337
1996-07-30 19:00:00,1996-07-31 12:00:00,17
1996-07-31 20:00:00,1996-08-01 02:00:00,6
1996-08-01 06:00:00,1996-08-04 22:00:00,88
1996-08-05,1996-08-06 03:00:00,27
1996-08-07 01:00:00,1996-08-08 03:00:00,26
1996-08-09 02:00:00,1996-08-09 09:00:00,7
1996-08-10 22:00:00,1996-08-22 04:00:00,270
1996-08-22 19:00:00,1996-08-23 12:00:00,17
1996-08-25 07:00:00,1996-08-25 21:00:00,14
1996-08-26 04:00:00,1996-09-08 15:00:00,323
1996-09-08 23:00:00,1996-09-16 05:00:00,174
1996-09-20 17:00:00,1996-09-20 23:00:00,6
1996-09-21 21:00:00,1996-09-23 18:00:00,45
1996-09-23 21:00:00,1996-09-24 12:00:00,15
1996-09-25,1996-09-26,24
1996-09-30 10:00:00,1996-10-01 14:00:00,28
1996-10-02 03:00:00,1996-10-02 21:00:00,18
1996-10-05 14:00:00,1996-10-11 03:00:00,133
1996-10-16 22:00:00,1996-10-17 13:00:00,15
1996-10-21 06:00:00,1996-10-21 22:00:00,16
1996-10-22 02:00:00,1996-10-22 08:00:00,6
1996-10-29 17:00:00,1996-10-30 09:00:00,16
1996-11-09 07:00:00,1996-11-11 01:00:00,42
1996-11-13 06:00:00,1996-11-16 16:00:00,82
1996-11-17 22:00:00,1996-11-18 19:00:00,21
1996-11-21 02:00:00,1996-11-21 21:00:00,19
1996-11-22 03:00:00,1996-11-23 11:00:00,32
1996-11-23 19:00:00,1996-11-24 04:00:00,9
1996-11-26 02:00:00,1996-11-26 18:00:00,16
1996-11-27 16:00:00,1996-11-28 13:00:00,21
1996-11-30 09:00:00,1996-12-01 01:00:00,16
1996-12-05 02:00:00,1996-12-13 06:00:00,196
1996-12-13 13:00:00,1996-12-14 12:00:00,23
1996-12-15 03:00:00,1996-12-16 11:00:00,32
1996-12-16 13:00:00,1996-12-17,11
1996-12-19 12:00:00,1996-12-19 20:00:00,8
1996-12-25 07:00:00,1996-12-27 15:00:00,56
1996-12-29 03:00:00,1996-12-30 06:00:00,27
1997-01-02 03:00:00,1997-01-02 20:00:00,17
1997-01-06 08:00:00,1997-01-07 11:00:00,27
1997-01-09 03:00:00,1997-01-09 09:00:00,6
1997-01-09 11:00:00,1997-01-10 06:00:00,19
1997-01-14 13:00:00,1997-01-16 09:00:00,44
1997-01-20 08:00:00,1997-01-23 22:00:00,86
1997-01-24 07:00:00,1997-01-30 08:00:00,145
1997-01-30 11:00:00,1997-01-30 19:00:00,8
1997-02-01 07:00:00,1997-02-01 21:00:00,14
1997-02-01 23:00:00,1997-02-03 04:00:00,29
1997-02-05 14:00:00,1997-02-05 23:00:00,9
1997-02-07 21:00:00,1997-02-08 06:00:00,9
1997-03-04 11:00:00,1997-03-04 23:00:00,12
1997-03-06 02:00:00,1997-03-06 08:00:00,6
1997-03-08 10:00:00,1997-03-13 09:00:00,119
1997-03-16 15:00:00,1997-03-17 11:00:00,20
1997-03-19 12:00:00,1997-03-22 08:00:00,68
1997-03-23 11:00:00,1997-03-24 04:00:00,17
1997-03-26 18:00:00,1997-03-27 07:00:00,13
1997-03-28 10:00:00,1997-04-04 13:00:00,170
1997-04-05 15:00:00,1997-04-19 16:00:00,337
1997-04-19 23:00:00,1997-04-23 14:00:00,87
1997-04-24 12:00:00,1997-04-26 04:00:00,40
1997-04-26 08:00:00,1997-04-27 05:00:00,21
1997-04-29 18:00:00,1997-05-03 18:00:00,96
1997-05-06 11:00:00,1997-05-06 21:00:00,10
1997-05-09,1997-05-09 15:00:00,15
1997-05-11 06:00:00,1997-05-11 13:00:00,7
1997-05-13 06:00:00,1997-05-19 11:00:00,149
1997-05-19 15:00:00,1997-05-23 12:00:00,93
1997-05-24 13:00:00,1997-06-01 12:00:00,191
1997-06-03 08:00:00,1997-06-05 15:00:00,55
1997-06-09,1997-06-10 16:00:00,40
1997-06-11 01:00:00,1997-06-11 09:00:00,8
1997-06-11 11:00:00,1997-06-18 08:00:00,165
1997-06-18 23:00:00,1997-06-20 06:00:00,31
1997-06-22 09:00:00,1997-06-23,15
1997-06-23 03:00:00,1997-06-24 17:00:00,38
1997-06-25 07:00:00,1997-06-25 18:00:00,11
1997-06-29 09:00:00,1997-06-30 23:00:00,38
1997-07-01 09:00:00,1997-07-01 20:00:00,11
1997-07-02 11:00:00,1997-07-02 17:00:00,6
1997-07-03 04:00:00,1997-07-12 07:00:00,219
1997-07-13 01:00:00,1997-07-14 15:00:00,38
1997-07-14 21:00:00,1997-07-15 10:00:00,13
1997-07-16 02:00:00,1997-07-16 21:00:00,19
1997-07-17,1997-07-26 05:00:00,221
1997-07-26 19:00:00,1997-07-29 06:00:00,59
1997-08-01 08:00:00,1997-08-03 08:00:00,48
1997-08-04 17:00:00,1997-08-05 04:00:00,11
1997-08-05 11:00:00,1997-08-12 02:00:00,159
1997-08-12 04:00:00,1997-08-19 09:00:00,173
1997-08-19 13:00:00,1997-08-19 21:00:00,8
1997-08-20 02:00:00,1997-08-26 11:00:00,153
1997-08-29 12:00:00,1997-08-30 22:00:00,34
1997-09-01 04:00:00,1997-09-02,20
1997-09-04 23:00:00,1997-09-11 16:00:00,161
1997-09-13 17:00:00,1997-09-14 13:00:00,20
1997-09-16 22:00:00,1997-09-18 22:00:00,48
1997-09-19,1997-09-20 05:00:00,29
1997-09-21 12:00:00,1997-09-24 02:00:00,62
1997-09-24 11:00:00,1997-09-28 16:00:00,101
1997-09-29 02:00:00,1997-10-05 15:00:00,157
1997-10-06 06:00:00,1997-10-06 15:00:00,9
1997-10-06 19:00:00,1997-10-07 09:00:00,14
1997-10-08 05:00:00,1997-10-08 13:00:00,8
1997-10-11,1997-10-11 06:00:00,6
1997-10-12 22:00:00,1997-10-13 04:00:00,6
1997-10-13 15:00:00,1997-10-14 11:00:00,20
1997-10-15 08:00:00,1997-10-16 05:00:00,21
1997-10-18 08:00:00,1997-10-20 03:00:00,43
1997-10-22 22:00:00,1997-10-27 05:00:00,104
1997-10-29 14:00:00,1997-11-03 04:00:00,110
1997-11-05 04:00:00,1997-11-05 22:00:00,18
1997-11-06 09:00:00,1997-11-07 22:00:00,37
1997-11-10 21:00:00,1997-11-13 23:00:00,74
1997-11-14 12:00:00,1997-11-15 05:00:00,17
1997-11-22 14:00:00,1997-11-23 02:00:00,12
1997-11-26 01:00:00,1997-11-28 04:00:00,51
1997-11-30 10:00:00,1997-12-01 16:00:00,30
1997-12-02 22:00:00,1997-12-05 09:00:00,59
1997-12-12 10:00:00,1997-12-13 17:00:00,31
1997-12-13 20:00:00,1997-12-14 12:00:00,16
1997-12-20 14:00:00,1997-12-21 17:00:00,27
1997-12-27 21:00:00,1997-12-29 07:00:00,34
1998-01-13 03:00:00,1998-01-13 10:00:00,7
1998-01-20 06:00:00,1998-01-20 14:00:00,8
1998-01-21 14:00:00,1998-01-22,10
1998-01-23 15:00:00,1998-01-24 01:00:00,10
1998-01-24 10:00:00,1998-01-24 16:00:00,6
1998-01-24 21:00:00,1998-01-25 06:00:00,9
1998-01-26 05:00:00,1998-01-29 19:00:00,86
1998-01-30 01:00:00,1998-02-05 20:00:00,163
1998-02-07 10:00:00,1998-02-07 22:00:00,12
1998-02-16 19:00:00,1998-02-18 09:00:00,38
1998-02-22 15:00:00,1998-02-22 23:00:00,8
1998-02-23 10:00:00,1998-02-26 08:00:00,70
1998-02-26 12:00:00,1998-02-26 19:00:00,7
1998-03-08 15:00:00,1998-03-09 21:00:00,30
1998-03-12,1998-03-24 17:00:00,305
1998-03-25 07:00:00,1998-03-25 15:00:00,8
1998-03-28 17:00:00,1998-03-29 14:00:00,20
1998-03-30 12:00:00,1998-03-31 22:00:00,34
1998-04-01 07:00:00,1998-04-02 12:00:00,29
1998-04-05 20:00:00,1998-04-08 20:00:00,72
1998-04-12 11:00:00,1998-04-12 19:00:00,8
1998-04-13 07:00:00,1998-04-14 15:00:00,32
1998-04-15 13:00:00,1998-04-16 09:00:00,20
1998-04-18 01:00:00,1998-04-18 21:00:00,20
1998-04-19 08:00:00,1998-04-21 01:00:00,41
1998-04-26 18:00:00,1998-04-28 06:00:00,36
1998-04-28 10:00:00,1998-04-29 07:00:00,21
1998-04-29 15:00:00,1998-04-30,9
1998-05-01 03:00:00,1998-05-02 21:00:00,42
1998-05-03 08:00:00,1998-05-04 20:00:00,36
1998-05-08 07:00:00,1998-05-09 10:00:00,27
1998-05-09 12:00:00,1998-05-10 07:00:00,19
1998-05-11,1998-05-26 17:00:00,377
1998-05-27 09:00:00,1998-05-29 16:00:00,55
1998-05-29 23:00:00,1998-05-30 09:00:00,10
1998-05-31 03:00:00,1998-05-31 12:00:00,9
1998-06-01 14:00:00,1998-06-07 13:00:00,143
1998-06-07 18:00:00,1998-06-08 06:00:00,12
1998-06-11 13:00:00,1998-06-12 20:00:00,31
1998-06-13 02:00:00,1998-06-17 15:00:00,109
1998-06-18 13:00:00,1998-06-20 22:00:00,57
1998-06-21 03:00:00,1998-06-21 14:00:00,11
1998-06-22 03:00:00,1998-06-22 11:00:00,8
1998-06-24 05:00:00,1998-06-25 11:00:00,30
1998-06-26 07:00:00,1998-06-26 13:00:00,6
1998-06-26 15:00:00,1998-06-27,9
1998-06-27 18:00:00,1998-07-01 07:00:00,85
1998-07-01 11:00:00,1998-07-08 14:00:00,171
1998-07-09 03:00:00,1998-07-10 17:00:00,38
1998-07-13 12:00:00,1998-07-13 21:00:00,9
1998-07-14 02:00:00,1998-07-14 09:00:00,7
1998-07-15 01:00:00,1998-07-17 04:00:00,51
1998-07-18 04:00:00,1998-07-19 01:00:00,21
1998-07-20 09:00:00,1998-07-20 21:00:00,12
1998-07-22,1998-07-22 08:00:00,8
1998-07-23 07:00:00,1998-07-26,65
1998-07-26 13:00:00,1998-07-29 20:00:00,79
1998-07-30 10:00:00,1998-08-02 22:00:00,84
1998-08-03 23:00:00,1998-08-05 20:00:00,45
1998-08-06 17:00:00,1998-08-11 14:00:00,117
1998-08-12 09:00:00,1998-08-13 12:00:00,27
1998-08-14 05:00:00,1998-08-16 09:00:00,52
1998-08-17 07:00:00,1998-08-20 05:00:00,70
1998-08-21 10:00:00,1998-08-23 01:00:00,39
1998-08-24 06:00:00,1998-08-25 07:00:00,25
1998-08-25 11:00:00,1998-08-30 21:00:00,130
1998-08-31 22:00:00,1998-09-04 01:00:00,75
1998-09-04 12:00:00,1998-09-04 23:00:00,11
1998-09-11 01:00:00,1998-09-11 08:00:00,7
1998-09-13 10:00:00,1998-09-13 18:00:00,8
1998-09-14 15:00:00,1998-09-15 02:00:00,11
1998-09-16 09:00:00,1998-09-17 23:00:00,38
1998-09-18 05:00:00,1998-09-23 09:00:00,124
1998-09-23 12:00:00,1998-09-24 06:00:00,18
1998-09-24 14:00:00,1998-09-29 19:00:00,125
1998-10-01 15:00:00,1998-10-03 19:00:00,52
1998-10-06 14:00:00,1998-10-09 07:00:00,65
1998-10-09 17:00:00,1998-10-10 03:00:00,10
1998-10-10 10:00:00,1998-10-10 19:00:00,9
1998-10-12 07:00:00,1998-10-12 22:00:00,15
1998-10-14 12:00:00,1998-10-15 22:00:00,34
1998-10-17 17:00:00,1998-10-18 09:00:00,16
1998-10-18 11:00:00,1998-10-19 15:00:00,28
1998-10-19 18:00:00,1998-10-20 06:00:00,12
1998-10-30 14:00:00,1998-10-30 22:00:00,8
1998-11-01 12:00:00,1998-11-02,12
1998-11-06 05:00:00,1998-11-06 22:00:00,17
1998-11-11,1998-11-11 08:00:00,8
1998-11-13,1998-11-13 17:00:00,17
1998-11-15 08:00:00,1998-11-16 20:00:00,36
1998-11-17 20:00:00,1998-11-18 22:00:00,26
1998-11-19 07:00:00,1998-11-20 02:00:00,19
1998-11-22 23:00:00,1998-11-23 16:00:00,17
1998-11-24 11:00:00,1998-11-25 07:00:00,20
1998-11-25 11:00:00,1998-11-25 22:00:00,11
1998-11-26 22:00:00,1998-11-27 16:00:00,18
1998-11-29 18:00:00,1998-12-03 21:00:00,99
1998-12-04 19:00:00,1998-12-07 06:00:00,59
1998-12-20 14:00:00,1998-12-21 09:00:00,19
1998-12-21 16:00:00,1998-12-22 07:00:00,15
1999-01-09 21:00:00,1999-01-11 21:00:00,48
1999-01-21 10:00:00,1999-01-22 21:00:00,35
1999-01-24 02:00:00,1999-01-24 11:00:00,9
1999-01-27 05:00:00,1999-01-27 13:00:00,8
1999-01-28 16:00:00,1999-02-03 02:00:00,130
1999-02-07 16:00:00,1999-02-08 07:00:00,15
1999-02-10 12:00:00,1999-02-14 08:00:00,92
1999-02-14 15:00:00,1999-02-15 20:00:00,29
1999-02-18 05:00:00,1999-02-18 11:00:00,6
1999-02-19 15:00:00,1999-02-20 11:00:00,20
1999-02-23 01:00:00,1999-02-23 19:00:00,18
1999-02-23 22:00:00,1999-02-24 06:00:00,8
1999-02-24 15:00:00,1999-02-25 08:00:00,17
1999-02-26 03:00:00,1999-02-26 13:00:00,10
1999-03-06 22:00:00,1999-03-07 21:00:00,23
1999-03-09,1999-03-09 18:00:00,18
1999-03-09 22:00:00,1999-03-13 14:00:00,88
1999-03-13 16:00:00,1999-03-20 19:00:00,171
1999-03-22 06:00:00,1999-03-22 19:00:00,13
1999-03-23 07:00:00,1999-03-23 14:00:00,7
1999-03-24 14:00:00,1999-03-25 07:00:00,17
1999-03-25 09:00:00,1999-03-25 20:00:00,11
1999-03-26 01:00:00,1999-03-28 02:00:00,48
1999-03-30 15:00:00,1999-03-31 06:00:00,15
1999-04-01 14:00:00,1999-04-04 09:00:00,67
1999-04-07 09:00:00,1999-04-09 15:00:00,54
1999-04-11 04:00:00,1999-04-11 11:00:00,7
1999-04-15 12:00:00,1999-04-17 02:00:00,38
1999-04-17 08:00:00,1999-04-17 17:00:00,9
1999-04-17 20:00:00,1999-04-19 07:00:00,35
1999-04-23 01:00:00,1999-04-24 18:00:00,41
1999-04-28 02:00:00,1999-04-28 16:00:00,14
1999-04-29 02:00:00,1999-04-29 18:00:00,16
1999-04-29 21:00:00,1999-05-07,171
1999-05-07 06:00:00,1999-05-07 20:00:00,14
1999-05-13 21:00:00,1999-05-17 08:00:00,83
1999-05-18 16:00:00,1999-05-20 21:00:00,53
1999-05-24 13:00:00,1999-05-25 19:00:00,30
1999-05-26 02:00:00,1999-05-28 06:00:00,52
1999-05-28 17:00:00,1999-05-29 09:00:00,16
1999-05-29 23:00:00,1999-06-02 05:00:00,78
1999-06-02 17:00:00,1999-06-03 17:00:00,24
1999-06-05 19:00:00,1999-06-19 10:00:00,327
1999-06-20 09:00:00,1999-06-20 19:00:00,10
1999-06-21 08:00:00,1999-06-26 23:00:00,135
1999-06-27 02:00:00,1999-06-27 13:00:00,11
1999-06-28 16:00:00,1999-06-30 19:00:00,51
1999-07-01 05:00:00,1999-07-01 11:00:00,6
1999-07-01 13:00:00,1999-07-03 12:00:00,47
1999-07-04 14:00:00,1999-07-10 23:00:00,153
1999-07-11 02:00:00,1999-07-11 09:00:00,7
1999-07-11 18:00:00,1999-07-13 10:00:00,40
1999-07-14 02:00:00,1999-07-15 14:00:00,36
1999-07-16 02:00:00,1999-07-16 12:00:00,10
1999-07-17 18:00:00,1999-07-18 17:00:00,23
1999-07-18 23:00:00,1999-07-19 18:00:00,19
1999-07-22 10:00:00,1999-07-25 09:00:00,71
1999-07-27 10:00:00,1999-08-02 08:00:00,142
1999-08-02 11:00:00,1999-08-08 05:00:00,138
1999-08-09 23:00:00,1999-08-14 11:00:00,108
1999-08-15 03:00:00,1999-08-17 02:00:00,47
1999-08-17 21:00:00,1999-08-21 09:00:00,84
1999-08-21 11:00:00,1999-08-21 23:00:00,12
1999-08-23 08:00:00,1999-08-23 23:00:00,15
1999-08-24 16:00:00,1999-08-25 06:00:00,14
1999-08-25 13:00:00,1999-08-26 01:00:00,12
1999-08-26 21:00:00,1999-09-06 20:00:00,263
1999-09-07 08:00:00,1999-09-07 23:00:00,15
1999-09-09 08:00:00,1999-09-10 04:00:00,20
1999-09-10 13:00:00,1999-09-11 07:00:00,18
1999-09-11 11:00:00,1999-09-12 08:00:00,21
1999-09-13 13:00:00,1999-09-15,35
1999-09-16 06:00:00,1999-09-16 14:00:00,8
1999-09-20,1999-09-20 21:00:00,21
1999-09-21 06:00:00,1999-09-22 09:00:00,27
1999-09-24 06:00:00,1999-09-26 22:00:00,64
1999-09-27 14:00:00,1999-09-28 14:00:00,24
1999-10-04 04:00:00,1999-10-07,68
1999-10-07 05:00:00,1999-10-07 14:00:00,9
1999-10-09 06:00:00,1999-10-10 06:00:00,24
1999-10-10 16:00:00,1999-10-15,104
1999-10-15 19:00:00,1999-10-17 18:00:00,47
1999-10-25 01:00:00,1999-10-27 04:00:00,51
1999-10-28 02:00:00,1999-10-29 14:00:00,36
1999-11-06 10:00:00,1999-11-11 17:00:00,127
1999-11-12 11:00:00,1999-11-13 04:00:00,17
1999-11-13 22:00:00,1999-11-16 03:00:00,53
1999-11-20,1999-11-22 03:00:00,51
1999-11-22 05:00:00,1999-11-22 14:00:00,9
1999-11-22 18:00:00,1999-11-23 06:00:00,12
1999-12-05 02:00:00,1999-12-05 12:00:00,10
1999-12-19 20:00:00,1999-12-20 03:00:00,7
1999-12-29 10:00:00,1999-12-30 01:00:00,15
1999-12-31 21:00:00,2000-01-02 13:00:00,40
2000-01-09 12:00:00,2000-01-10 01:00:00,13
2000-01-15 21:00:00,2000-01-21 21:00:00,144
2000-01-22 22:00:00,2000-01-23 04:00:00,6
2000-01-23 07:00:00,2000-01-27 21:00:00,110
2000-02-01 20:00:00,2000-02-03 13:00:00,41
2000-02-13 08:00:00,2000-02-13 15:00:00,7
2000-02-17 08:00:00,2000-02-17 14:00:00,6
2000-02-19 12:00:00,2000-02-20 09:00:00,21
2000-02-21 03:00:00,2000-02-21 23:00:00,20
2000-02-24 15:00:00,2000-02-26 06:00:00,39
2000-03-01 17:00:00,2000-03-02,7
2000-03-04 01:00:00,2000-03-05 09:00:00,32
2000-03-06,2000-03-06 11:00:00,11
2000-03-09 09:00:00,2000-03-10 10:00:00,25
2000-03-10 20:00:00,2000-03-13 21:00:00,73
2000-03-14,2000-03-23 21:00:00,237
2000-03-28,2000-03-28 07:00:00,7
2000-03-29 23:00:00,2000-04-02 18:00:00,91
2000-04-04 23:00:00,2000-04-09 02:00:00,99
2000-04-10,2000-04-11,24
2000-04-13 12:00:00,2000-04-14 03:00:00,15
2000-04-14 23:00:00,2000-04-15 20:00:00,21
2000-04-16 17:00:00,2000-04-19 07:00:00,62
2000-04-23 02:00:00,2000-04-24 17:00:00,39
2000-04-24 23:00:00,2000-04-25 09:00:00,10
2000-04-26 07:00:00,2000-05-03 13:00:00,174
2000-05-03 21:00:00,2000-05-04 10:00:00,13
2000-05-04 20:00:00,2000-05-10 14:00:00,138
2000-05-12 12:00:00,2000-05-15 01:00:00,61
2000-05-15 08:00:00,2000-05-15 21:00:00,13
2000-05-19 10:00:00,2000-05-20 21:00:00,35
2000-05-21 11:00:00,2000-05-22 22:00:00,35
2000-05-23 18:00:00,2000-05-25 01:00:00,31
2000-05-25 23:00:00,2000-05-26 17:00:00,18
2000-05-27 17:00:00,2000-05-28 08:00:00,15
2000-05-29 02:00:00,2000-05-31 12:00:00,58
2000-06-02 18:00:00,2000-06-07 16:00:00,118
2000-06-08 15:00:00,2000-06-10 07:00:00,40
2000-06-11,2000-06-11 10:00:00,10
2000-06-13 08:00:00,2000-06-14 02:00:00,18
2000-06-14 22:00:00,2000-06-20 04:00:00,126
2000-06-23 02:00:00,2000-06-23 21:00:00,19
2000-06-24 02:00:00,2000-07-06 21:00:00,307
2000-07-07 12:00:00,2000-07-08 03:00:00,15
2000-07-08 07:00:00,2000-07-08 13:00:00,6
2000-07-11 15:00:00,2000-07-13,33
2000-07-13 07:00:00,2000-07-14 02:00:00,19
2000-07-14 08:00:00,2000-07-22 17:00:00,201
2000-07-22 19:00:00,2000-07-30 21:00:00,194
2000-08-02 21:00:00,2000-08-03 04:00:00,7
2000-08-03 11:00:00,2000-08-09 06:00:00,139
2000-08-09 16:00:00,2000-08-15 07:00:00,135
2000-08-15 10:00:00,2000-08-15 17:00:00,7
2000-08-15 23:00:00,2000-08-16 06:00:00,7
2000-08-16 22:00:00,2000-08-17 14:00:00,16
2000-08-17 18:00:00,2000-08-22 06:00:00,108
2000-08-23 14:00:00,2000-08-31,178
2000-09-02 07:00:00,2000-09-04 21:00:00,62
2000-09-05 01:00:00,2000-09-05 22:00:00,21
2000-09-06 09:00:00,2000-09-07,15
2000-09-07 19:00:00,2000-09-13 17:00:00,142
2000-09-13 21:00:00,2000-09-17 12:00:00,87
2000-09-18 03:00:00,2000-09-20 20:00:00,65
2000-09-22 12:00:00,2000-09-22 23:00:00,11
2000-09-23 20:00:00,2000-09-25 08:00:00,36
2000-09-25 15:00:00,2000-09-26 13:00:00,22
2000-09-30 11:00:00,2000-10-01 07:00:00,20
2000-10-05 15:00:00,2000-10-07 07:00:00,40
2000-10-07 17:00:00,2000-10-08 12:00:00,19
2000-10-08 14:00:00,2000-10-09,10
2000-10-13 09:00:00,2000-10-13 17:00:00,8
2000-10-14 07:00:00,2000-10-16 01:00:00,42
2000-10-16 20:00:00,2000-10-17 05:00:00,9
2000-10-20 15:00:00,2000-10-22,33
2000-11-03 07:00:00,2000-11-03 16:00:00,9
2000-11-04 04:00:00,2000-11-05 06:00:00,26
2000-11-09 11:00:00,2000-11-10 08:00:00,21
2000-11-12 12:00:00,2000-11-12 21:00:00,9
2000-11-13 07:00:00,2000-11-14,17
2000-11-14 22:00:00,2000-11-15 09:00:00,11
2000-11-17 14:00:00,2000-11-18 03:00:00,13
2000-11-20 21:00:00,2000-11-21 13:00:00,16
2000-11-23 09:00:00,2000-11-24 10:00:00,25
2000-12-15 08:00:00,2000-12-16 03:00:00,19
2000-12-16 14:00:00,2000-12-17 09:00:00,19
2000-12-20 11:00:00,2000-12-20 19:00:00,8
2000-12-23 16:00:00,2000-12-24 14:00:00,22
2000-12-27 05:00:00,2000-12-27 16:00:00,11
2000-12-28 09:00:00,2000-12-29 07:00:00,22
2000-12-29 12:00:00,2000-12-30 22:00:00,34
2001-01-07 06:00:00,2001-01-07 14:00:00,8
2001-01-08 06:00:00,2001-01-09 09:00:00,27
2001-01-13 08:00:00,2001-01-14 03:00:00,19
2001-01-15 07:00:00,2001-01-16 18:00:00,35
2001-01-17 12:00:00,2001-01-17 18:00:00,6
2001-01-18,2001-01-20 12:00:00,60
2001-01-21 09:00:00,2001-01-21 20:00:00,11
2001-01-28 22:00:00,2001-01-29 21:00:00,23
2001-01-30 02:00:00,2001-02-01 06:00:00,52
2001-02-01 17:00:00,2001-02-02 19:00:00,26
2001-02-03 09:00:00,2001-02-03 22:00:00,13
2001-02-08 20:00:00,2001-02-09 15:00:00,19
2001-02-12 22:00:00,2001-02-23 07:00:00,249
2001-02-24 05:00:00,2001-02-24 21:00:00,16
2001-02-25 08:00:00,2001-02-25 18:00:00,10
2001-03-01 09:00:00,2001-03-05 13:00:00,100
2001-03-14 02:00:00,2001-03-15 10:00:00,32
2001-03-18 21:00:00,2001-03-19 07:00:00,10
2001-03-25 03:00:00,2001-03-26,21
2001-03-27,2001-03-28 14:00:00,38
2001-03-30,2001-03-30 14:00:00,14
2001-04-01 06:00:00,2001-04-01 12:00:00,6
2001-04-03 02:00:00,2001-04-04 01:00:00,23
2001-04-04 15:00:00,2001-04-05 03:00:00,12
2001-04-10 14:00:00,2001-04-14 21:00:00,103
2001-04-15 07:00:00,2001-04-16 04:00:00,21
2001-04-16 07:00:00,2001-04-17 16:00:00,33
2001-04-18 11:00:00,2001-04-18 22:00:00,11
2001-04-19 08:00:00,2001-04-21 19:00:00,59
2001-04-22 13:00:00,2001-04-23 20:00:00,31
2001-04-24 10:00:00,2001-04-24 18:00:00,8
2001-04-24 22:00:00,2001-04-27 13:00:00,63
2001-04-27 19:00:00,2001-04-28 07:00:00,12
2001-04-29 01:00:00,2001-05-01 03:00:00,50
2001-05-01 21:00:00,2001-05-13 04:00:00,271
2001-05-13 09:00:00,2001-05-16 16:00:00,79
2001-05-18 01:00:00,2001-05-27 10:00:00,225
2001-05-27 18:00:00,2001-05-28 01:00:00,7
2001-05-29,2001-05-30 13:00:00,37
2001-05-30 16:00:00,2001-06-01 19:00:00,51
2001-06-02 09:00:00,2001-06-06 08:00:00,95
2001-06-06 20:00:00,2001-06-14 08:00:00,180
2001-06-14 17:00:00,2001-06-15 01:00:00,8
2001-06-16 02:00:00,2001-06-19 09:00:00,79
2001-06-20 05:00:00,2001-06-27 12:00:00,175
2001-06-27 22:00:00,2001-06-28 11:00:00,13
2001-06-30 21:00:00,2001-07-04 03:00:00,78
2001-07-05 20:00:00,2001-07-10,100
2001-07-12 21:00:00,2001-07-16 19:00:00,94
2001-07-19 08:00:00,2001-07-20 09:00:00,25
2001-07-21 01:00:00,2001-07-21 10:00:00,9
2001-07-22 01:00:00,2001-08-06 01:00:00,360
2001-08-06 21:00:00,2001-08-07 04:00:00,7
2001-08-07 18:00:00,2001-08-08 21:00:00,27
2001-08-09 08:00:00,2001-08-10 22:00:00,38
2001-08-14 13:00:00,2001-08-17 21:00:00,80
2001-08-18 19:00:00,2001-08-20 20:00:00,49
2001-08-22 07:00:00,2001-08-30 18:00:00,203
2001-08-31 12:00:00,2001-09-01 21:00:00,33
2001-09-01 23:00:00,2001-09-03 22:00:00,47
2001-09-04 10:00:00,2001-09-07 13:00:00,75
2001-09-08 05:00:00,2001-09-12 01:00:00,92
2001-09-14 03:00:00,2001-09-14 19:00:00,16
2001-09-16 05:00:00,2001-09-26 05:00:00,240
2001-09-26 09:00:00,2001-09-27 01:00:00,16
2001-09-29 05:00:00,2001-09-29 12:00:00,7
2001-10-04 01:00:00,2001-10-04 08:00:00,7
2001-10-09 09:00:00,2001-10-10,15
2001-10-10 13:00:00,2001-10-11 15:00:00,26
2001-10-12 02:00:00,2001-10-14 20:00:00,66
2001-10-20 03:00:00,2001-10-22 08:00:00,53
2001-10-22 12:00:00,2001-10-22 19:00:00,7
2001-10-23 02:00:00,2001-10-23 11:00:00,9
2001-10-27 06:00:00,2001-10-29 10:00:00,53
2001-10-31 12:00:00,2001-11-04 13:00:00,97
2001-11-04 16:00:00,2001-11-05 12:00:00,20
2001-11-09 14:00:00,2001-11-12 01:00:00,59
2001-11-12 09:00:00,2001-11-12 21:00:00,12
2001-11-13 19:00:00,2001-11-20 11:00:00,160
2001-11-22 04:00:00,2001-11-24 19:00:00,63
2001-11-25 13:00:00,2001-11-26 21:00:00,32
2001-12-01 21:00:00,2001-12-02 22:00:00,25
2001-12-05 23:00:00,2001-12-06 06:00:00,7
2001-12-06 15:00:00,2001-12-09 11:00:00,68
2001-12-11 13:00:00,2001-12-12 18:00:00,29
2001-12-14 16:00:00,2001-12-15 17:00:00,25
2001-12-17 01:00:00,2001-12-19 18:00:00,65
2001-12-20 06:00:00,2001-12-21 02:00:00,20
2001-12-22 21:00:00,2001-12-23 17:00:00,20
2001-12-28 10:00:00,2001-12-29 07:00:00,21
2001-12-31 01:00:00,2001-12-31 23:00:00,22
2002-01-06 03:00:00,2002-01-06 22:00:00,19
2002-01-08 06:00:00,2002-01-11 07:00:00,73
2002-02-14 03:00:00,2002-02-18,93
2002-02-18 05:00:00,2002-02-18 13:00:00,8
2002-02-21 04:00:00,2002-02-21 10:00:00,6
2002-02-24 03:00:00,2002-02-24 09:00:00,6
2002-03-02 03:00:00,2002-03-05 14:00:00,83
2002-03-07 07:00:00,2002-03-08 06:00:00,23
2002-03-11 23:00:00,2002-03-12 10:00:00,11
2002-03-15 13:00:00,2002-03-17 01:00:00,36
2002-03-22 10:00:00,2002-03-23 09:00:00,23
2002-03-25 04:00:00,2002-03-30 21:00:00,137
2002-04-01 08:00:00,2002-04-02 05:00:00,21
2002-04-03 17:00:00,2002-04-05 22:00:00,53
2002-04-07 22:00:00,2002-04-12 04:00:00,102
2002-04-13 01:00:00,2002-04-16,71
2002-04-17 19:00:00,2002-04-19 21:00:00,50
2002-04-23 02:00:00,2002-04-25 18:00:00,64
2002-05-02,2002-05-06 03:00:00,99
2002-05-06 19:00:00,2002-05-12 18:00:00,143
2002-05-16,2002-05-17 22:00:00,46
2002-05-18 05:00:00,2002-05-19 02:00:00,21
2002-05-27 06:00:00,2002-05-27 17:00:00,11
2002-05-30 23:00:00,2002-06-02 18:00:00,67
2002-06-02 23:00:00,2002-06-03 15:00:00,16
2002-06-04,2002-06-08 23:00:00,119
2002-06-11 07:00:00,2002-06-12 10:00:00,27
2002-06-12 20:00:00,2002-06-13 23:00:00,27
2002-06-15 04:00:00,2002-06-15 14:00:00,10
2002-06-19,2002-06-21 02:00:00,50
2002-06-21 13:00:00,2002-06-21 21:00:00,8
2002-06-22 03:00:00,2002-06-22 12:00:00,9
2002-06-22 23:00:00,2002-06-27 23:00:00,120
2002-06-28 02:00:00,2002-06-30 10:00:00,56
2002-07-02 16:00:00,2002-07-03 06:00:00,14
2002-07-03 10:00:00,2002-07-04 13:00:00,27
2002-07-05,2002-07-07 18:00:00,66
2002-07-08 06:00:00,2002-07-22 22:00:00,352
2002-07-23 11:00:00,2002-07-31 06:00:00,187
2002-07-31 08:00:00,2002-08-08 09:00:00,193
2002-08-08 13:00:00,2002-08-08 20:00:00,7
2002-08-09 10:00:00,2002-08-10,14
2002-08-10 09:00:00,2002-08-11 02:00:00,17
2002-08-11 06:00:00,2002-08-11 15:00:00,9
2002-08-11 22:00:00,2002-08-13 09:00:00,35
2002-08-13 15:00:00,2002-08-14 08:00:00,17
2002-08-15 03:00:00,2002-08-17 02:00:00,47
2002-08-18 03:00:00,2002-08-30 02:00:00,287
2002-08-30 19:00:00,2002-09-05 07:00:00,132
2002-09-05 17:00:00,2002-09-06 06:00:00,13
2002-09-07 17:00:00,2002-09-10 14:00:00,69
2002-09-11 11:00:00,2002-09-12 21:00:00,34
2002-09-13 01:00:00,2002-09-22 18:00:00,233
2002-09-22 23:00:00,2002-09-29 05:00:00,150
2002-09-29 08:00:00,2002-09-29 19:00:00,11
2002-09-30 07:00:00,2002-10-01 23:00:00,40
2002-10-02 19:00:00,2002-10-07 18:00:00,119
2002-10-10 02:00:00,2002-10-11 21:00:00,43
2002-10-12 02:00:00,2002-10-13 11:00:00,33
2002-10-13 13:00:00,2002-10-15 02:00:00,37
2002-10-16 23:00:00,2002-10-18 02:00:00,27
2002-10-18 09:00:00,2002-10-19 22:00:00,37
2002-10-23 19:00:00,2002-10-24 09:00:00,14
2002-10-28 10:00:00,2002-10-28 20:00:00,10
2002-10-29 13:00:00,2002-10-31 21:00:00,56
2002-11-01 16:00:00,2002-11-02 07:00:00,15
2002-11-05,2002-11-05 16:00:00,16
2002-11-06 03:00:00,2002-11-06 09:00:00,6
2002-11-09 16:00:00,2002-11-09 23:00:00,7
2002-11-13 21:00:00,2002-11-14 03:00:00,6
2002-11-15 04:00:00,2002-11-15 16:00:00,12
2002-11-16 22:00:00,2002-11-18 01:00:00,27
2002-11-19 22:00:00,2002-11-20 10:00:00,12
2002-11-25 09:00:00,2002-11-25 15:00:00,6
2002-11-30 13:00:00,2002-11-30 23:00:00,10
2002-12-03 06:00:00,2002-12-03 22:00:00,16
2002-12-05 04:00:00,2002-12-05 11:00:00,7
2002-12-05 13:00:00,2002-12-08 01:00:00,60
2002-12-12 15:00:00,2002-12-14 05:00:00,38
2002-12-15 12:00:00,2002-12-16 16:00:00,28
2002-12-16 23:00:00,2002-12-17 05:00:00,6
2002-12-20 10:00:00,2002-12-21 09:00:00,23
2003-01-09 22:00:00,2003-01-12 12:00:00,62
2003-01-23,2003-01-23 21:00:00,21
2003-01-26 14:00:00,2003-01-27 06:00:00,16
2003-01-31 08:00:00,2003-01-31 17:00:00,9
2003-02-01 06:00:00,2003-02-01 16:00:00,10
2003-02-05 03:00:00,2003-02-08,69
2003-02-09 16:00:00,2003-02-09 22:00:00,6
2003-02-12 08:00:00,2003-02-15 16:00:00,80
2003-02-20 18:00:00,2003-02-21 19:00:00,25
2003-02-23 22:00:00,2003-02-24 07:00:00,9
2003-02-26 16:00:00,2003-02-27 04:00:00,12
2003-03-06 07:00:00,2003-03-06 16:00:00,9
2003-03-15 15:00:00,2003-03-15 22:00:00,7
2003-03-16 12:00:00,2003-03-31 19:00:00,366
2003-04-02 20:00:00,2003-04-12 22:00:00,242
2003-04-14 21:00:00,2003-04-18 11:00:00,86
2003-04-18 14:00:00,2003-04-19 05:00:00,15
2003-04-20 22:00:00,2003-04-23 20:00:00,70
2003-04-24 10:00:00,2003-04-24 21:00:00,11
2003-04-29 06:00:00,2003-04-29 17:00:00,11
2003-05-01 07:00:00,2003-05-02,17
2003-05-02 20:00:00,2003-05-03 07:00:00,11
2003-05-05 05:00:00,2003-05-06 21:00:00,40
2003-05-07,2003-05-07 09:00:00,9
2003-05-07 23:00:00,2003-05-09 10:00:00,35
2003-05-09 17:00:00,2003-05-10 16:00:00,23
2003-05-11 01:00:00,2003-05-11 11:00:00,10
2003-05-12 03:00:00,2003-05-12 18:00:00,15
2003-05-13 11:00:00,2003-05-15 06:00:00,43
2003-05-16 03:00:00,2003-05-17 06:00:00,27
2003-05-20 21:00:00,2003-05-21 12:00:00,15
2003-05-24 09:00:00,2003-06-01 01:00:00,184
2003-06-01 14:00:00,2003-06-02,10
2003-06-02 05:00:00,2003-06-03 04:00:00,23
2003-06-04,2003-06-05 09:00:00,33
2003-06-06 08:00:00,2003-06-08 15:00:00,55
2003-06-09,2003-06-09 06:00:00,6
2003-06-11 17:00:00,2003-06-12 18:00:00,25
2003-06-12 20:00:00,2003-06-17 16:00:00,116
2003-06-19 17:00:00,2003-06-26 22:00:00,173
2003-06-27,2003-06-28 21:00:00,45
2003-06-29 17:00:00,2003-07-07 12:00:00,187
2003-07-07 18:00:00,2003-07-16 23:00:00,221
2003-07-17 12:00:00,2003-07-17 19:00:00,7
2003-07-18 01:00:00,2003-07-18 17:00:00,16
2003-07-21 06:00:00,2003-07-21 21:00:00,15
2003-07-21 23:00:00,2003-07-23 01:00:00,26
2003-07-23 18:00:00,2003-07-24 11:00:00,17
2003-07-25 01:00:00,2003-07-28 06:00:00,77
2003-07-29 02:00:00,2003-07-29 08:00:00,6
2003-07-30 10:00:00,2003-07-31 03:00:00,17
2003-07-31 19:00:00,2003-08-04 22:00:00,99
2003-08-05 07:00:00,2003-08-21 01:00:00,378
2003-08-22 07:00:00,2003-08-22 15:00:00,8
2003-08-22 19:00:00,2003-08-26 05:00:00,82
2003-08-26 15:00:00,2003-08-27 16:00:00,25
2003-08-29 19:00:00,2003-09-08 07:00:00,228
2003-09-08 16:00:00,2003-09-09 17:00:00,25
2003-09-10 11:00:00,2003-09-11 09:00:00,22
2003-09-11 15:00:00,2003-09-12 22:00:00,31
2003-09-13 09:00:00,2003-09-18 18:00:00,129
2003-09-19,2003-09-21 11:00:00,59
2003-09-23 11:00:00,2003-10-01 07:00:00,188
2003-10-02 04:00:00,2003-10-03 19:00:00,39
2003-10-05 06:00:00,2003-10-05 14:00:00,8
2003-10-07 16:00:00,2003-10-07 22:00:00,6
2003-10-10 07:00:00,2003-10-12 04:00:00,45
2003-10-12 15:00:00,2003-10-14 23:00:00,56
2003-10-17 11:00:00,2003-10-17 22:00:00,11
2003-10-20 16:00:00,2003-10-21 19:00:00,27
2003-10-23 11:00:00,2003-10-24 17:00:00,30
2003-10-25 05:00:00,2003-10-25 15:00:00,10
2003-10-26 07:00:00,2003-10-28 16:00:00,57
2003-10-28 20:00:00,2003-10-29 05:00:00,9
2003-10-30,2003-10-30 08:00:00,8
2003-11-01 08:00:00,2003-11-01 15:00:00,7
2003-11-09 23:00:00,2003-11-10 22:00:00,23
2003-11-15 05:00:00,2003-11-16 22:00:00,41
2003-11-20 06:00:00,2003-11-24 15:00:00,105
2003-11-27 10:00:00,2003-11-28 08:00:00,22
2003-11-30 08:00:00,2003-12-01 04:00:00,20
2003-12-02 12:00:00,2003-12-03,12
2003-12-05 03:00:00,2003-12-06 11:00:00,32
2003-12-09 13:00:00,2003-12-10 15:00:00,26
2003-12-11 13:00:00,2003-12-12 02:00:00,13
2003-12-14 21:00:00,2003-12-16 03:00:00,30
2003-12-17 12:00:00,2003-12-20,60
2003-12-22 10:00:00,2003-12-22 16:00:00,6
2003-12-23 13:00:00,2003-12-24 14:00:00,25
2003-12-28 17:00:00,2003-12-29 06:00:00,13
2003-12-30 01:00:00,2003-12-31 09:00:00,32
2004-01-02 06:00:00,2004-01-02 23:00:00,17
2004-01-03 04:00:00,2004-01-05 06:00:00,50
2004-01-06 09:00:00,2004-01-06 19:00:00,10
2004-01-16 22:00:00,2004-01-17 09:00:00,11
2004-01-18 02:00:00,2004-01-18 18:00:00,16
2004-01-19 21:00:00,2004-01-21 16:00:00,43
2004-01-23 19:00:00,2004-01-24 08:00:00,13
2004-01-24 11:00:00,2004-01-25 21:00:00,34
2004-01-26 02:00:00,2004-01-26 14:00:00,12
2004-01-26 19:00:00,2004-01-27 06:00:00,11
2004-01-27 09:00:00,2004-01-27 17:00:00,8
2004-01-28 21:00:00,2004-01-30 01:00:00,28
2004-02-08 13:00:00,2004-02-10 10:00:00,45
2004-02-10 12:00:00,2004-02-19 07:00:00,211
2004-02-23 09:00:00,2004-02-24 09:00:00,24
2004-02-24 11:00:00,2004-02-24 23:00:00,12
2004-02-28 20:00:00,2004-03-02 01:00:00,53
2004-03-04 16:00:00,2004-03-08 09:00:00,89
2004-03-08 11:00:00,2004-03-09 21:00:00,34
2004-03-10 05:00:00,2004-03-10 20:00:00,15
2004-03-23 10:00:00,2004-03-23 19:00:00,9
2004-03-24 14:00:00,2004-03-25 07:00:00,17
2004-03-25 23:00:00,2004-03-30 07:00:00,103
2004-03-30 10:00:00,2004-04-01 09:00:00,47
2004-04-07 11:00:00,2004-04-14 09:00:00,166
2004-04-15 08:00:00,2004-04-17 09:00:00,49
2004-04-18,2004-04-18 15:00:00,15
2004-04-19 12:00:00,2004-04-20 10:00:00,22
2004-04-22 19:00:00,2004-04-27 02:00:00,103
2004-04-27 11:00:00,2004-04-27 21:00:00,10
2004-05-01 06:00:00,2004-05-03 20:00:00,62
2004-05-06 08:00:00,2004-05-21 22:00:00,374
2004-05-22,2004-05-27 20:00:00,140
2004-05-28 13:00:00,2004-05-31 06:00:00,65
2004-05-31 16:00:00,2004-06-10 06:00:00,230
2004-06-11 03:00:00,2004-06-11 12:00:00,9
2004-06-11 19:00:00,2004-06-16 15:00:00,116
2004-06-17 10:00:00,2004-06-18,14
2004-06-18 04:00:00,2004-06-22 06:00:00,98
2004-06-24 16:00:00,2004-06-25 22:00:00,30
2004-06-28 02:00:00,2004-06-28 10:00:00,8
2004-06-28 21:00:00,2004-06-29 11:00:00,14
2004-07-03 19:00:00,2004-07-07 10:00:00,87
2004-07-08 17:00:00,2004-07-14 01:00:00,128
2004-07-14 04:00:00,2004-07-15 11:00:00,31
2004-07-15 17:00:00,2004-07-20 03:00:00,106
2004-07-20 15:00:00,2004-07-25 05:00:00,110
2004-07-25 11:00:00,2004-07-29 09:00:00,94
2004-07-29 13:00:00,2004-08-07 20:00:00,223
2004-08-09 10:00:00,2004-08-11 13:00:00,51
2004-08-11 16:00:00,2004-08-18,152
2004-08-18 03:00:00,2004-08-18 21:00:00,18
2004-08-20 17:00:00,2004-08-22 04:00:00,35
2004-08-23 04:00:00,2004-08-24 07:00:00,27
2004-08-24 15:00:00,2004-08-25 18:00:00,27
2004-08-25 23:00:00,2004-08-26 13:00:00,14
2004-08-27 06:00:00,2004-08-28 21:00:00,39
2004-08-30 11:00:00,2004-09-03 05:00:00,90
2004-09-03 15:00:00,2004-09-06 04:00:00,61
2004-09-06 10:00:00,2004-09-07 06:00:00,20
2004-09-07 11:00:00,2004-09-09 01:00:00,38
2004-09-09 03:00:00,2004-09-10 18:00:00,39
2004-09-15 02:00:00,2004-09-15 21:00:00,19
2004-09-21 14:00:00,2004-09-21 21:00:00,7
2004-09-23 11:00:00,2004-09-26 11:00:00,72
2004-09-27 02:00:00,2004-09-28 09:00:00,31
2004-09-28 13:00:00,2004-10-01 03:00:00,62
2004-10-06 17:00:00,2004-10-08 16:00:00,47
2004-10-11 11:00:00,2004-10-12 22:00:00,35
2004-10-13 21:00:00,2004-10-14 04:00:00,7
2004-10-14 11:00:00,2004-10-14 19:00:00,8
2004-10-15 09:00:00,2004-10-16 04:00:00,19
2004-10-16 11:00:00,2004-10-16 18:00:00,7
2004-10-17 12:00:00,2004-10-18 23:00:00,35
2004-10-19 12:00:00,2004-10-20 03:00:00,15
2004-10-20 08:00:00,2004-10-20 18:00:00,10
2004-10-25 20:00:00,2004-10-26 04:00:00,8
2004-10-26 06:00:00,2004-10-26 12:00:00,6
2004-10-29 22:00:00,2004-10-30 07:00:00,9
2004-10-30 09:00:00,2004-11-04,112
2004-11-04 02:00:00,2004-11-08 03:00:00,97
2004-11-08 05:00:00,2004-11-09 08:00:00,27
2004-11-10 20:00:00,2004-11-12 13:00:00,41
2004-11-13 09:00:00,2004-11-15 01:00:00,40
2004-11-15 18:00:00,2004-11-16 14:00:00,20
2004-11-19 09:00:00,2004-11-21 08:00:00,47
2004-11-22 20:00:00,2004-11-25 01:00:00,53
2004-11-26 07:00:00,2004-11-27 19:00:00,36
2004-11-29,2004-11-29 22:00:00,22
2004-11-30 19:00:00,2004-12-04 19:00:00,96
2004-12-05 07:00:00,2004-12-05 22:00:00,15
2004-12-07 11:00:00,2004-12-09 01:00:00,38
2004-12-10 19:00:00,2004-12-13 23:00:00,76
2004-12-15 13:00:00,2004-12-15 21:00:00,8
2004-12-21 12:00:00,2004-12-21 19:00:00,7
2004-12-26 20:00:00,2004-12-27 11:00:00,15
2005-01-13 10:00:00,2005-01-13 17:00:00,7
2005-01-21 09:00:00,2005-01-21 17:00:00,8
2005-01-22 05:00:00,2005-01-22 12:00:00,7
2005-01-26 05:00:00,2005-01-26 21:00:00,16
2005-01-29 10:00:00,2005-01-31 05:00:00,43
2005-01-31 13:00:00,2005-02-01 03:00:00,14
2005-02-01 07:00:00,2005-02-04 11:00:00,76
2005-02-05 07:00:00,2005-02-08 14:00:00,79
2005-02-08 19:00:00,2005-02-09 01:00:00,6
2005-02-15 05:00:00,2005-02-18 10:00:00,77
2005-02-21 09:00:00,2005-02-21 16:00:00,7
2005-02-23,2005-02-23 21:00:00,21
2005-02-23 23:00:00,2005-02-24 06:00:00,7
2005-02-27 03:00:00,2005-03-01 04:00:00,49
2005-03-01 09:00:00,2005-03-01 22:00:00,13
2005-03-03 16:00:00,2005-03-04 02:00:00,10
2005-03-06 04:00:00,2005-03-11 07:00:00,123
2005-03-12 11:00:00,2005-03-14 10:00:00,47
2005-03-19 02:00:00,2005-03-20,22
2005-03-25 16:00:00,2005-03-25 23:00:00,7
2005-03-27 10:00:00,2005-03-31 21:00:00,107
2005-04-01 06:00:00,2005-04-04 15:00:00,81
2005-04-09 01:00:00,2005-04-09 11:00:00,10
2005-04-10,2005-04-11 18:00:00,42
2005-04-12 04:00:00,2005-04-13 12:00:00,32
2005-04-13 18:00:00,2005-04-14 22:00:00,28
2005-04-16 03:00:00,2005-04-16 22:00:00,19
2005-04-18 22:00:00,2005-04-19 08:00:00,10
2005-04-19 19:00:00,2005-04-21 22:00:00,51
2005-04-22 22:00:00,2005-04-23 04:00:00,6
2005-04-23 20:00:00,2005-04-26 11:00:00,63
2005-04-26 15:00:00,2005-04-26 23:00:00,8
2005-04-29 22:00:00,2005-05-01 07:00:00,33
2005-05-04 13:00:00,2005-05-05 21:00:00,32
2005-05-06 04:00:00,2005-05-06 18:00:00,14
2005-05-07 05:00:00,2005-05-12 22:00:00,137
2005-05-14 15:00:00,2005-05-15,9
2005-05-15 07:00:00,2005-05-16 19:00:00,36
2005-05-17 02:00:00,2005-05-18 06:00:00,28
2005-05-21 07:00:00,2005-05-22 02:00:00,19
2005-05-26 11:00:00,2005-05-27 21:00:00,34
2005-05-29 02:00:00,2005-06-01 07:00:00,77
2005-06-03,2005-06-03 12:00:00,12
2005-06-04 23:00:00,2005-06-14 21:00:00,238
2005-06-17 14:00:00,2005-06-18 01:00:00,11
2005-06-18 03:00:00,2005-06-25 06:00:00,171
2005-06-25 21:00:00,2005-06-28 07:00:00,58
2005-06-28 19:00:00,2005-06-30 13:00:00,42
2005-07-01 03:00:00,2005-07-01 13:00:00,10
2005-07-04 04:00:00,2005-07-05 03:00:00,23
2005-07-06 11:00:00,2005-07-06 17:00:00,6
2005-07-07,2005-07-17 21:00:00,261
2005-07-18,2005-07-18 07:00:00,7
2005-07-18 10:00:00,2005-07-18 21:00:00,11
2005-07-20 10:00:00,2005-07-24 02:00:00,88
2005-07-24 11:00:00,2005-07-24 18:00:00,7
2005-07-25 07:00:00,2005-07-27 19:00:00,60
2005-07-29 06:00:00,2005-08-02 15:00:00,105
2005-08-02 17:00:00,2005-08-04 14:00:00,45
2005-08-05 09:00:00,2005-08-13 08:00:00,191
2005-08-13 12:00:00,2005-08-13 21:00:00,9
2005-08-14 08:00:00,2005-08-21 12:00:00,172
2005-08-21 15:00:00,2005-08-22 09:00:00,18
2005-08-22 11:00:00,2005-08-23 09:00:00,22
2005-08-25,2005-08-25 06:00:00,6
2005-08-26 03:00:00,2005-08-26 14:00:00,11
2005-08-26 19:00:00,2005-08-28 09:00:00,38
2005-08-29 07:00:00,2005-09-03 05:00:00,118
2005-09-03 17:00:00,2005-09-04 01:00:00,8
2005-09-04 05:00:00,2005-09-07 14:00:00,81
2005-09-08 01:00:00,2005-09-10 16:00:00,63
2005-09-11 06:00:00,2005-09-13 14:00:00,56
2005-09-14 04:00:00,2005-09-15 01:00:00,21
2005-09-15 05:00:00,2005-09-15 16:00:00,11
2005-09-16 16:00:00,2005-09-19 04:00:00,60
2005-09-19 20:00:00,2005-09-21 09:00:00,37
2005-09-23 17:00:00,2005-09-24 07:00:00,14
2005-09-25 17:00:00,2005-09-26 01:00:00,8
2005-09-29 04:00:00,2005-09-29 17:00:00,13
2005-10-02 05:00:00,2005-10-07 09:00:00,124
2005-10-08 04:00:00,2005-10-08 15:00:00,11
2005-10-08 19:00:00,2005-10-09 06:00:00,11
2005-10-12 05:00:00,2005-10-12 22:00:00,17
2005-10-13 08:00:00,2005-10-14 16:00:00,32
2005-10-15 23:00:00,2005-10-17 08:00:00,33
2005-10-18 13:00:00,2005-10-19 20:00:00,31
2005-10-20 02:00:00,2005-10-20 09:00:00,7
2005-10-21 21:00:00,2005-10-23 16:00:00,43
2005-11-04 19:00:00,2005-11-05 04:00:00,9
2005-11-09 07:00:00,2005-11-09 15:00:00,8
2005-11-12 10:00:00,2005-11-12 17:00:00,7
2005-11-13 14:00:00,2005-11-14 20:00:00,30
2005-11-15 05:00:00,2005-11-16 01:00:00,20
2005-11-16 10:00:00,2005-11-18 04:00:00,42
2005-11-18 23:00:00,2005-11-24 05:00:00,126
2005-11-29 05:00:00,2005-11-30 14:00:00,33
2005-12-02 08:00:00,2005-12-02 15:00:00,7
2005-12-04 01:00:00,2005-12-04 08:00:00,7
2005-12-06 12:00:00,2005-12-07 07:00:00,19
2005-12-08 09:00:00,2005-12-09 05:00:00,20
2005-12-09 11:00:00,2005-12-12 04:00:00,65
2005-12-12 11:00:00,2005-12-14 01:00:00,38
2005-12-14 15:00:00,2005-12-15 20:00:00,29
2005-12-17 01:00:00,2005-12-18 09:00:00,32
2005-12-18 21:00:00,2005-12-20 21:00:00,48
2005-12-23 03:00:00,2005-12-29 01:00:00,142
2006-01-01 22:00:00,2006-01-05 03:00:00,77
2006-01-06 04:00:00,2006-01-09 14:00:00,82
2006-01-16 22:00:00,2006-01-17 08:00:00,10
2006-01-17 11:00:00,2006-01-17 19:00:00,8
2006-01-18 05:00:00,2006-01-19 03:00:00,22
2006-01-20 22:00:00,2006-01-26,122
2006-01-26 04:00:00,2006-01-26 18:00:00,14
2006-01-27,2006-01-27 16:00:00,16
2006-01-29 10:00:00,2006-02-07 01:00:00,207
2006-02-08 12:00:00,2006-02-11 06:00:00,66
2006-02-12 18:00:00,2006-02-13 02:00:00,8
2006-02-18,2006-02-18 18:00:00,18
2006-02-18 22:00:00,2006-02-19 12:00:00,14
2006-02-23 04:00:00,2006-02-23 16:00:00,12
2006-02-26 23:00:00,2006-02-27 18:00:00,19
2006-03-01 10:00:00,2006-03-03 11:00:00,49
2006-03-03 19:00:00,2006-03-04 09:00:00,14
2006-03-04 11:00:00,2006-03-04 18:00:00,7
2006-03-05 07:00:00,2006-03-07,41
2006-03-07 05:00:00,2006-03-07 12:00:00,7
2006-03-10 21:00:00,2006-03-11 20:00:00,23
2006-03-12 03:00:00,2006-03-12 16:00:00,13
2006-03-14 06:00:00,2006-03-16 15:00:00,57
2006-03-21 23:00:00,2006-03-23 04:00:00,29
2006-03-28 22:00:00,2006-03-29 13:00:00,15
2006-04-02 23:00:00,2006-04-04 08:00:00,33
2006-04-05 02:00:00,2006-04-06 10:00:00,32
2006-04-06 18:00:00,2006-04-07 14:00:00,20
2006-04-08 14:00:00,2006-04-09 03:00:00,13
2006-04-09 11:00:00,2006-04-09 19:00:00,8
2006-04-10 04:00:00,2006-04-10 22:00:00,18
2006-04-11 21:00:00,2006-04-12 12:00:00,15
2006-04-13 17:00:00,2006-04-18 13:00:00,116
2006-04-19 01:00:00,2006-04-23 06:00:00,101
2006-04-23 09:00:00,2006-04-24 18:00:00,33
2006-04-25 08:00:00,2006-04-30 21:00:00,133
2006-05-01 09:00:00,2006-05-02,15
2006-05-03 22:00:00,2006-05-04 19:00:00,21
2006-05-05 01:00:00,2006-05-05 08:00:00,7
2006-05-05 15:00:00,2006-05-05 21:00:00,6
2006-05-07,2006-05-15 14:00:00,206
2006-05-15 20:00:00,2006-05-17 07:00:00,35
2006-05-20 22:00:00,2006-05-21 05:00:00,7
2006-05-22 22:00:00,2006-05-23 09:00:00,11
2006-05-24 09:00:00,2006-05-26,39
2006-05-26 21:00:00,2006-05-27 07:00:00,10
2006-05-27 11:00:00,2006-05-29 04:00:00,41
2006-05-29 12:00:00,2006-05-29 23:00:00,11
2006-05-30 04:00:00,2006-06-09 02:00:00,238
2006-06-10 06:00:00,2006-06-10 16:00:00,10
2006-06-12 19:00:00,2006-06-18 11:00:00,136
2006-06-19 04:00:00,2006-06-20 06:00:00,26
2006-06-22 10:00:00,2006-07-03 19:00:00,273
2006-07-04 02:00:00,2006-07-06 17:00:00,63
2006-07-07,2006-07-07 14:00:00,14
2006-07-08 01:00:00,2006-07-08 11:00:00,10
2006-07-09 22:00:00,2006-07-10 19:00:00,21
2006-07-10 23:00:00,2006-07-13 20:00:00,69
2006-07-14 01:00:00,2006-07-22 15:00:00,206
2006-07-23,2006-07-29,144
2006-08-01 13:00:00,2006-08-09 04:00:00,183
2006-08-09 07:00:00,2006-08-11 03:00:00,44
2006-08-11 11:00:00,2006-08-12 06:00:00,19
2006-08-12 10:00:00,2006-08-12 23:00:00,13
2006-08-13 10:00:00,2006-08-19 22:00:00,156
2006-08-20 02:00:00,2006-08-23 23:00:00,93
2006-08-24 02:00:00,2006-08-25 08:00:00,30
2006-08-25 10:00:00,2006-08-26 02:00:00,16
2006-08-26 06:00:00,2006-08-27 17:00:00,35
2006-08-27 23:00:00,2006-08-30 14:00:00,63
2006-09-04 10:00:00,2006-09-07 20:00:00,82
2006-09-08,2006-09-09 01:00:00,25
2006-09-09 11:00:00,2006-09-12 21:00:00,82
2006-09-14 15:00:00,2006-09-17 05:00:00,62
2006-09-17 07:00:00,2006-09-18 07:00:00,24
2006-09-24 06:00:00,2006-09-26 17:00:00,59
2006-09-29 04:00:00,2006-09-30,20
2006-10-02 06:00:00,2006-10-05 02:00:00,68
2006-10-09 09:00:00,2006-10-10 13:00:00,28
2006-10-12 19:00:00,2006-10-14 02:00:00,31
2006-10-16 12:00:00,2006-10-17 10:00:00,22
2006-10-17 13:00:00,2006-10-17 22:00:00,9
2006-10-20 08:00:00,2006-10-21 05:00:00,21
2006-10-22 18:00:00,2006-10-23 16:00:00,22
2006-10-24 20:00:00,2006-10-25 03:00:00,7
2006-10-26 21:00:00,2006-10-27 06:00:00,9
2006-10-28 15:00:00,2006-10-30 11:00:00,45
2006-11-01 03:00:00,2006-11-08 11:00:00,176
2006-11-08 17:00:00,2006-11-09 23:00:00,30
2006-11-12 05:00:00,2006-11-12 12:00:00,7
2006-11-14 15:00:00,2006-11-15 05:00:00,14
2006-11-21 23:00:00,2006-11-22 09:00:00,10
2006-12-16 08:00:00,2006-12-17 20:00:00,36
2006-12-18 02:00:00,2006-12-26 11:00:00,201
2006-12-28,2006-12-28 07:00:00,7
2007-01-25 08:00:00,2007-01-26 07:00:00,23
2007-01-26 18:00:00,2007-01-28 07:00:00,37
2007-01-28 11:00:00,2007-01-31 10:00:00,71
2007-01-31 12:00:00,2007-02-02 14:00:00,50
2007-02-02 21:00:00,2007-02-07 07:00:00,106
2007-02-17 18:00:00,2007-02-18 20:00:00,26
2007-02-26 07:00:00,2007-02-27,17
2007-03-13 14:00:00,2007-03-15 05:00:00,39
2007-03-15 15:00:00,2007-03-16 17:00:00,26
2007-03-21 01:00:00,2007-03-25 03:00:00,97
2007-03-25 16:00:00,2007-03-29 08:00:00,88
2007-03-29 23:00:00,2007-03-30 05:00:00,6
2007-04-03 23:00:00,2007-04-23 03:00:00,460
2007-04-26,2007-04-26 21:00:00,21
2007-04-27 01:00:00,2007-05-01 06:00:00,101
2007-05-01 08:00:00,2007-05-05 18:00:00,106
2007-05-06 14:00:00,2007-05-07 04:00:00,14
2007-05-08 21:00:00,2007-05-09 13:00:00,16
2007-05-14 10:00:00,2007-05-14 16:00:00,6
2007-05-15 05:00:00,2007-05-16 14:00:00,33
2007-05-17 07:00:00,2007-05-17 16:00:00,9
2007-05-20 01:00:00,2007-05-25 21:00:00,140
2007-05-25 23:00:00,2007-05-27,25
2007-05-28 11:00:00,2007-05-30,37
2007-05-30 23:00:00,2007-05-31 06:00:00,7
2007-05-31 08:00:00,2007-06-01 21:00:00,37
2007-06-03 10:00:00,2007-06-14 08:00:00,262
2007-06-14 13:00:00,2007-06-18 13:00:00,96
2007-06-21 19:00:00,2007-06-25 01:00:00,78
2007-06-26 11:00:00,2007-06-27 02:00:00,15
2007-06-27 09:00:00,2007-06-28 10:00:00,25
2007-06-29 01:00:00,2007-06-30 01:00:00,24
2007-07-03 04:00:00,2007-07-03 12:00:00,8
2007-07-06 21:00:00,2007-07-09 12:00:00,63
2007-07-10 08:00:00,2007-07-13 08:00:00,72
2007-07-14 04:00:00,2007-07-23 03:00:00,215
2007-07-23 13:00:00,2007-07-24 20:00:00,31
2007-07-27 10:00:00,2007-08-03 13:00:00,171
2007-08-05 12:00:00,2007-08-12 01:00:00,157
2007-08-12 04:00:00,2007-08-14 15:00:00,59
2007-08-16 06:00:00,2007-08-16 21:00:00,15
2007-08-17,2007-08-17 18:00:00,18
2007-08-19 16:00:00,2007-08-20 05:00:00,13
2007-08-20 13:00:00,2007-08-20 22:00:00,9
2007-08-21 14:00:00,2007-09-02 06:00:00,280
2007-09-02 13:00:00,2007-09-15 21:00:00,320
2007-09-16 15:00:00,2007-09-17 04:00:00,13
2007-09-18 06:00:00,2007-09-18 16:00:00,10
2007-09-21 13:00:00,2007-09-22 18:00:00,29
2007-09-23 06:00:00,2007-09-23 14:00:00,8
2007-09-27,2007-09-27 17:00:00,17
2007-09-27 20:00:00,2007-10-03 11:00:00,135
2007-10-03 14:00:00,2007-10-15 04:00:00,278
2007-10-15 16:00:00,2007-10-20 21:00:00,125
2007-10-21 05:00:00,2007-10-21 20:00:00,15
2007-10-23 02:00:00,2007-10-23 09:00:00,7
2007-10-23 11:00:00,2007-10-26 09:00:00,70
2007-10-26 21:00:00,2007-10-27 09:00:00,12
2007-10-30 02:00:00,2007-11-07 01:00:00,191
2007-11-07 11:00:00,2007-11-08 04:00:00,17
2007-11-09 12:00:00,2007-11-09 19:00:00,7
2007-11-10 11:00:00,2007-11-10 18:00:00,7
2007-11-11 13:00:00,2007-11-12 23:00:00,34
2007-11-14 20:00:00,2007-11-16 23:00:00,51
2007-11-18 08:00:00,2007-11-18 15:00:00,7
2007-11-19 06:00:00,2007-11-22 11:00:00,77
2007-11-23 11:00:00,2007-11-24 03:00:00,16
2007-11-24 22:00:00,2007-11-27 20:00:00,70
2007-11-29 02:00:00,2007-11-29 17:00:00,15
2007-12-10 14:00:00,2007-12-11 19:00:00,29
2007-12-14 21:00:00,2007-12-15 20:00:00,23
2007-12-15 22:00:00,2007-12-16 09:00:00,11
2007-12-18 11:00:00,2007-12-19 10:00:00,23
2007-12-22 06:00:00,2007-12-23 10:00:00,28
2007-12-24 21:00:00,2007-12-25 11:00:00,14
2007-12-30 02:00:00,2007-12-31,22
2007-12-31 16:00:00,2008-01-01 10:00:00,18
2008-01-06 03:00:00,2008-01-06 13:00:00,10
2008-01-12 03:00:00,2008-01-12 12:00:00,9
2008-01-27 01:00:00,2008-01-28 18:00:00,41
2008-01-30 03:00:00,2008-01-30 13:00:00,10
2008-02-09 10:00:00,2008-02-09 21:00:00,11
2008-02-10 02:00:00,2008-02-21 01:00:00,263
2008-02-22 19:00:00,2008-02-23 03:00:00,8
2008-02-24 08:00:00,2008-02-25 03:00:00,19
2008-02-27 07:00:00,2008-02-29 04:00:00,45
2008-03-02 09:00:00,2008-03-02 16:00:00,7
2008-03-04 12:00:00,2008-03-05 14:00:00,26
2008-03-13 14:00:00,2008-03-15 05:00:00,39
2008-03-15 10:00:00,2008-03-16 05:00:00,19
2008-03-16 21:00:00,2008-03-17 06:00:00,9
2008-03-17 22:00:00,2008-03-20 06:00:00,56
2008-03-23 22:00:00,2008-03-26 02:00:00,52
2008-03-26 06:00:00,2008-03-27 19:00:00,37
2008-04-02 07:00:00,2008-04-05 07:00:00,72
2008-04-07 03:00:00,2008-04-10 14:00:00,83
2008-04-12 06:00:00,2008-04-16 07:00:00,97
2008-04-20 03:00:00,2008-04-21 09:00:00,30
2008-04-21 12:00:00,2008-04-22 18:00:00,30
2008-04-22 21:00:00,2008-04-23 17:00:00,20
2008-04-26 18:00:00,2008-04-28,30
2008-04-28 02:00:00,2008-04-29 07:00:00,29
2008-04-30 14:00:00,2008-05-02 21:00:00,55
2008-05-04 15:00:00,2008-05-08 03:00:00,84
2008-05-08 13:00:00,2008-05-13 15:00:00,122
2008-05-13 17:00:00,2008-05-14 14:00:00,21
2008-05-14 19:00:00,2008-05-20 06:00:00,131
2008-05-20 14:00:00,2008-05-20 20:00:00,6
2008-05-22 04:00:00,2008-05-24 04:00:00,48
2008-05-27 12:00:00,2008-06-03 16:00:00,172
2008-06-03 23:00:00,2008-06-04 06:00:00,7
2008-06-04 21:00:00,2008-06-05 03:00:00,6
2008-06-05 08:00:00,2008-06-12 04:00:00,164
2008-06-12 06:00:00,2008-06-17 08:00:00,122
2008-06-19 20:00:00,2008-06-21 03:00:00,31
2008-06-22 22:00:00,2008-06-24 15:00:00,41
2008-06-29 22:00:00,2008-06-30 14:00:00,16
2008-07-02 18:00:00,2008-07-04 10:00:00,40
2008-07-06 02:00:00,2008-07-07 23:00:00,45
2008-07-08 04:00:00,2008-07-09 16:00:00,36
2008-07-10 06:00:00,2008-07-10 17:00:00,11
2008-07-10 21:00:00,2008-07-18 21:00:00,192
2008-07-19 11:00:00,2008-07-24 06:00:00,115
2008-07-24 17:00:00,2008-07-29 19:00:00,122
2008-07-31 05:00:00,2008-07-31 14:00:00,9
2008-08-01 22:00:00,2008-08-02 14:00:00,16
2008-08-02 17:00:00,2008-08-03 23:00:00,30
2008-08-04 06:00:00,2008-08-05 21:00:00,39
2008-08-06 22:00:00,2008-08-09,50
2008-08-11 23:00:00,2008-08-12 13:00:00,14
2008-08-14,2008-08-15 11:00:00,35
2008-08-20 04:00:00,2008-08-23 10:00:00,78
2008-08-24 03:00:00,2008-08-24 12:00:00,9
2008-08-27 12:00:00,2008-08-31 21:00:00,105
2008-09-01 09:00:00,2008-09-01 21:00:00,12
2008-09-04,2008-09-05,24
2008-09-07 02:00:00,2008-09-08 21:00:00,43
2008-09-10 02:00:00,2008-09-10 08:00:00,6
2008-09-12 13:00:00,2008-09-22 01:00:00,228
2008-09-23 02:00:00,2008-09-29 11:00:00,153
2008-10-03 12:00:00,2008-10-04 01:00:00,13
2008-10-06,2008-10-06 12:00:00,12
2008-10-07 03:00:00,2008-10-07 10:00:00,7
2008-10-08 09:00:00,2008-10-09 06:00:00,21
2008-10-11 15:00:00,2008-10-14 09:00:00,66
2008-10-14 15:00:00,2008-10-15 13:00:00,22
2008-10-15 18:00:00,2008-10-18 10:00:00,64
2008-10-21 12:00:00,2008-10-21 20:00:00,8
2008-10-22 08:00:00,2008-10-22 16:00:00,8
2008-10-27 05:00:00,2008-10-27 12:00:00,7
2008-10-29,2008-10-29 09:00:00,9
2008-11-03 23:00:00,2008-11-06 14:00:00,63
2008-11-11 22:00:00,2008-11-12 23:00:00,25
2008-11-13 14:00:00,2008-11-14 07:00:00,17
2008-11-16 04:00:00,2008-11-17 08:00:00,28
2008-11-18 15:00:00,2008-11-19 15:00:00,24
2008-11-19 19:00:00,2008-11-20 15:00:00,20
2008-11-22 14:00:00,2008-11-23 02:00:00,12
2008-11-25 14:00:00,2008-11-26 21:00:00,31
2008-11-27 17:00:00,2008-11-28,7
2008-11-28 02:00:00,2008-11-29 17:00:00,39
2008-12-02 11:00:00,2008-12-03 05:00:00,18
2008-12-03 12:00:00,2008-12-03 18:00:00,6
2008-12-06 03:00:00,2008-12-07 20:00:00,41
2008-12-08 01:00:00,2008-12-08 07:00:00,6
2008-12-10 02:00:00,2008-12-12 04:00:00,50
2008-12-14 21:00:00,2008-12-15 23:00:00,26
2008-12-16 19:00:00,2008-12-17 11:00:00,16
2008-12-22 05:00:00,2008-12-26 02:00:00,93
2008-12-26 04:00:00,2008-12-26 22:00:00,18
2009-01-03,2009-01-03 17:00:00,17
2009-01-03 19:00:00,2009-01-09 21:00:00,146
2009-01-27 07:00:00,2009-01-28 06:00:00,23
2009-01-28 10:00:00,2009-01-29,14
2009-02-03 10:00:00,2009-02-03 18:00:00,8
2009-02-07 19:00:00,2009-02-08 08:00:00,13
2009-02-08 22:00:00,2009-02-09 12:00:00,14
2009-02-11 06:00:00,2009-02-13 08:00:00,50
2009-02-13 10:00:00,2009-02-26 19:00:00,321
2009-02-26 22:00:00,2009-03-02 13:00:00,87
2009-03-02 22:00:00,2009-03-03 06:00:00,8
2009-03-05 14:00:00,2009-03-07 09:00:00,43
2009-03-10 18:00:00,2009-03-11 17:00:00,23
2009-03-12 11:00:00,2009-03-13 09:00:00,22
2009-03-14 23:00:00,2009-03-20 03:00:00,124
2009-03-20 10:00:00,2009-03-23 04:00:00,66
2009-03-24 03:00:00,2009-03-24 14:00:00,11
2009-03-25 13:00:00,2009-03-25 22:00:00,9
2009-03-27 10:00:00,2009-03-27 17:00:00,7
2009-03-28 19:00:00,2009-04-03 17:00:00,141
2009-04-04 02:00:00,2009-04-04 11:00:00,9
2009-04-04 18:00:00,2009-04-05 22:00:00,28
2009-04-10 19:00:00,2009-04-12 22:00:00,51
2009-04-15,2009-04-15 20:00:00,20
2009-04-16 12:00:00,2009-04-22 16:00:00,148
2009-04-23 05:00:00,2009-04-25 02:00:00,45
2009-04-26 01:00:00,2009-04-26 19:00:00,18
2009-04-27 07:00:00,2009-04-29 12:00:00,53
2009-04-30 02:00:00,2009-05-01 03:00:00,25
2009-05-02 14:00:00,2009-05-02 21:00:00,7
2009-05-03 02:00:00,2009-05-04 06:00:00,28
2009-05-09 13:00:00,2009-05-10 17:00:00,28
2009-05-12 14:00:00,2009-05-14 22:00:00,56
2009-05-19 05:00:00,2009-05-19 13:00:00,8
2009-05-20 02:00:00,2009-05-21 21:00:00,43
2009-05-22 18:00:00,2009-05-25 21:00:00,75
2009-05-28,2009-06-05 20:00:00,212
2009-06-06 12:00:00,2009-06-06 23:00:00,11
2009-06-07 20:00:00,2009-06-08 07:00:00,11
2009-06-08 12:00:00,2009-06-16 22:00:00,202
2009-06-19 10:00:00,2009-06-28 17:00:00,223
2009-06-29,2009-07-04,120
2009-07-04 02:00:00,2009-07-05,22
2009-07-07 10:00:00,2009-07-08,14
2009-07-08 06:00:00,2009-07-11 12:00:00,78
2009-07-15 06:00:00,2009-07-16 22:00:00,40
2009-07-18 02:00:00,2009-07-18 21:00:00,19
2009-07-19 08:00:00,2009-07-21 02:00:00,42
2009-07-22 22:00:00,2009-07-23 12:00:00,14
2009-07-24,2009-07-24 16:00:00,16
2009-07-24 18:00:00,2009-07-25 20:00:00,26
2009-07-29 12:00:00,2009-07-29 23:00:00,11
2009-07-30 09:00:00,2009-07-31 02:00:00,17
2009-08-01 10:00:00,2009-08-02 18:00:00,32
2009-08-04 07:00:00,2009-08-05 01:00:00,18
2009-08-05 22:00:00,2009-08-10 01:00:00,99
2009-08-10 06:00:00,2009-08-14 13:00:00,103
2009-08-15 12:00:00,2009-08-16 16:00:00,28
2009-08-16 20:00:00,2009-08-18 07:00:00,35
2009-08-21 12:00:00,2009-08-22 23:00:00,35
2009-08-23 23:00:00,2009-08-24 14:00:00,15
2009-08-25 02:00:00,2009-08-25 20:00:00,18
2009-08-29 03:00:00,2009-08-30 05:00:00,26
2009-09-05,2009-09-05 06:00:00,6
2009-09-05 23:00:00,2009-09-06 07:00:00,8
2009-09-07 06:00:00,2009-09-07 19:00:00,13
2009-09-08 23:00:00,2009-09-10 17:00:00,42
2009-09-10 22:00:00,2009-09-15 08:00:00,106
2009-09-17,2009-09-21 05:00:00,101
2009-09-22 10:00:00,2009-10-02 20:00:00,250
2009-10-03 19:00:00,2009-10-06 03:00:00,56
2009-10-06 11:00:00,2009-10-06 19:00:00,8
2009-10-07 11:00:00,2009-10-09,37
2009-10-09 18:00:00,2009-10-11 05:00:00,35
2009-10-11 12:00:00,2009-10-19 06:00:00,186
2009-10-22 15:00:00,2009-10-22 21:00:00,6
2009-10-22 23:00:00,2009-10-24 03:00:00,28
2009-10-26 01:00:00,2009-10-27 02:00:00,25
2009-10-28 16:00:00,2009-10-28 23:00:00,7
2009-11-06 01:00:00,2009-11-06 07:00:00,6
2009-11-08 17:00:00,2009-11-09 16:00:00,23
2009-11-10 12:00:00,2009-11-11 09:00:00,21
2009-11-30 17:00:00,2009-12-01 05:00:00,12
2009-12-03 22:00:00,2009-12-04 12:00:00,14
2009-12-12 15:00:00,2009-12-14 15:00:00,48
2009-12-15 21:00:00,2009-12-17,27
2009-12-17 06:00:00,2009-12-17 14:00:00,8
2009-12-18 23:00:00,2009-12-19 05:00:00,6
2009-12-20 22:00:00,2009-12-24 09:00:00,83
2009-12-25,2009-12-25 10:00:00,10
2009-12-27 19:00:00,2009-12-28 09:00:00,14
2010-01-01 01:00:00,2010-01-03 05:00:00,52
2010-01-04 08:00:00,2010-01-05 01:00:00,17
2010-01-07 09:00:00,2010-01-08 13:00:00,28
2010-01-09 09:00:00,2010-01-09 16:00:00,7
2010-01-11,2010-01-11 19:00:00,19
2010-01-18 11:00:00,2010-01-19 01:00:00,14
2010-01-23 08:00:00,2010-01-27 14:00:00,102
2010-01-28 09:00:00,2010-01-28 17:00:00,8
2010-01-30 09:00:00,2010-01-31 11:00:00,26
2010-01-31 19:00:00,2010-02-01 20:00:00,25
2010-02-02 16:00:00,2010-02-03 11:00:00,19
2010-02-03 14:00:00,2010-02-03 21:00:00,7
2010-02-06 22:00:00,2010-02-07 09:00:00,11
2010-02-09 23:00:00,2010-02-10 15:00:00,16
2010-02-11 01:00:00,2010-02-12 05:00:00,28
2010-02-13 01:00:00,2010-02-15 13:00:00,60
2010-02-15 22:00:00,2010-02-18 03:00:00,53
2010-02-18 11:00:00,2010-02-22 01:00:00,86
2010-02-25 13:00:00,2010-02-26 02:00:00,13
2010-02-27 01:00:00,2010-02-28 01:00:00,24
2010-02-28 10:00:00,2010-03-02 23:00:00,61
2010-03-03 16:00:00,2010-03-06 22:00:00,78
2010-03-07 12:00:00,2010-03-12 08:00:00,116
2010-03-12 10:00:00,2010-03-16 08:00:00,94
2010-03-19 21:00:00,2010-03-20 04:00:00,7
2010-03-20 20:00:00,2010-03-21 18:00:00,22
2010-03-23 09:00:00,2010-03-23 20:00:00,11
2010-03-24 13:00:00,2010-03-25,11
2010-03-25 05:00:00,2010-03-25 21:00:00,16
2010-03-27 16:00:00,2010-03-29 06:00:00,37
2010-04-01 15:00:00,2010-04-01 23:00:00,8
2010-04-04 05:00:00,2010-04-04 20:00:00,15
2010-04-07 07:00:00,2010-04-13 20:00:00,157
2010-04-14 06:00:00,2010-04-14 16:00:00,10
2010-04-14 22:00:00,2010-04-15 17:00:00,19
2010-04-15 23:00:00,2010-04-24 18:00:00,211
2010-04-25,2010-04-25 15:00:00,15
2010-04-25 20:00:00,2010-04-27 23:00:00,51
2010-04-28 18:00:00,2010-04-29 05:00:00,11
2010-04-29 08:00:00,2010-04-29 22:00:00,14
2010-04-30,2010-04-30 09:00:00,9
2010-04-30 16:00:00,2010-05-02 08:00:00,40
2010-05-02 15:00:00,2010-05-03 01:00:00,10
2010-05-03 10:00:00,2010-05-07 07:00:00,93
2010-05-08 22:00:00,2010-05-10 17:00:00,43
2010-05-11 10:00:00,2010-05-13 15:00:00,53
2010-05-13 23:00:00,2010-05-14 05:00:00,6
2010-05-14 08:00:00,2010-05-15 21:00:00,37
2010-05-16 04:00:00,2010-05-18 21:00:00,65
2010-05-19 02:00:00,2010-05-25 01:00:00,143
2010-05-26 12:00:00,2010-05-27 17:00:00,29
2010-05-27 19:00:00,2010-05-29 02:00:00,31
2010-05-29 22:00:00,2010-05-30 08:00:00,10
2010-05-30 10:00:00,2010-05-31 21:00:00,35
2010-05-31 23:00:00,2010-06-07 08:00:00,153
2010-06-07 16:00:00,2010-06-09 21:00:00,53
2010-06-10 22:00:00,2010-06-13 16:00:00,66
2010-06-14 10:00:00,2010-06-28 09:00:00,335
2010-06-28 23:00:00,2010-06-30 22:00:00,47
2010-07-03 05:00:00,2010-07-03 23:00:00,18
2010-07-04 22:00:00,2010-07-06 13:00:00,39
2010-07-07 05:00:00,2010-07-07 16:00:00,11
2010-07-07 21:00:00,2010-07-08 23:00:00,26
2010-07-09 06:00:00,2010-07-09 14:00:00,8
2010-07-11 04:00:00,2010-07-13 22:00:00,66
2010-07-14 01:00:00,2010-07-14 10:00:00,9
2010-07-16 23:00:00,2010-07-17 21:00:00,22
2010-07-19 15:00:00,2010-07-30 12:00:00,261
2010-07-30 14:00:00,2010-07-31 13:00:00,23
2010-07-31 16:00:00,2010-08-04 01:00:00,81
2010-08-04 11:00:00,2010-08-04 21:00:00,10
2010-08-05 02:00:00,2010-08-05 16:00:00,14
2010-08-05 19:00:00,2010-08-06 07:00:00,12
2010-08-07 01:00:00,2010-08-09 02:00:00,49
2010-08-09 05:00:00,2010-08-12 06:00:00,73
2010-08-12 08:00:00,2010-08-13 01:00:00,17
2010-08-13 09:00:00,2010-08-18 16:00:00,127
2010-08-18 23:00:00,2010-08-19 11:00:00,12
2010-08-20 22:00:00,2010-08-23 10:00:00,60
2010-08-24 16:00:00,2010-08-25 12:00:00,20
2010-08-26 21:00:00,2010-08-29 06:00:00,57
2010-08-29 11:00:00,2010-09-05 14:00:00,171
2010-09-06 14:00:00,2010-09-09 19:00:00,77
2010-09-10 18:00:00,2010-09-13,54
2010-09-15 18:00:00,2010-09-18 12:00:00,66
2010-09-20 04:00:00,2010-09-21 23:00:00,43
2010-09-22 11:00:00,2010-09-23 19:00:00,32
2010-09-24 18:00:00,2010-09-28 01:00:00,79
2010-09-28 06:00:00,2010-09-29 04:00:00,22
2010-09-29 07:00:00,2010-09-30 12:00:00,29
2010-10-03 03:00:00,2010-10-04 09:00:00,30
2010-10-06 20:00:00,2010-10-07 04:00:00,8
2010-10-10 07:00:00,2010-10-10 14:00:00,7
2010-10-10 18:00:00,2010-10-16 01:00:00,127
2010-10-16 05:00:00,2010-10-18 13:00:00,56
2010-10-20 07:00:00,2010-10-22 10:00:00,51
2010-10-23 21:00:00,2010-10-25 13:00:00,40
2010-11-01 04:00:00,2010-11-01 11:00:00,7
2010-11-05 17:00:00,2010-11-06 16:00:00,23
2010-11-07 10:00:00,2010-11-07 16:00:00,6
2010-11-10 04:00:00,2010-11-10 18:00:00,14
2010-11-14 11:00:00,2010-11-16 09:00:00,46
2010-11-18 22:00:00,2010-11-19 19:00:00,21
2010-11-20 13:00:00,2010-11-21 14:00:00,25
2010-11-21 21:00:00,2010-11-24 17:00:00,68
2010-11-27 21:00:00,2010-11-29 02:00:00,29
2010-11-29 15:00:00,2010-11-30 07:00:00,16
2010-12-02 22:00:00,2010-12-03 10:00:00,12
2010-12-03 17:00:00,2010-12-06,55
2010-12-06 09:00:00,2010-12-07 20:00:00,35
2010-12-08 22:00:00,2010-12-12 09:00:00,83
2010-12-12 13:00:00,2010-12-12 20:00:00,7
2010-12-13 04:00:00,2010-12-16 02:00:00,70
2010-12-18 09:00:00,2010-12-19 02:00:00,17
2010-12-19 12:00:00,2010-12-19 23:00:00,11
2010-12-20 06:00:00,2010-12-22 10:00:00,52
2010-12-23 22:00:00,2010-12-24 07:00:00,9
2010-12-24 10:00:00,2010-12-26,38
2010-12-29 18:00:00,2011-01-04 12:00:00,138
2011-01-05 07:00:00,2011-01-06 14:00:00,31
2011-01-09 05:00:00,2011-01-09 21:00:00,16
2011-01-17 21:00:00,2011-01-25 12:00:00,183
2011-01-25 14:00:00,2011-01-26,10
2011-01-27 22:00:00,2011-01-31 21:00:00,95
2011-02-01 07:00:00,2011-02-01 21:00:00,14
2011-02-10 22:00:00,2011-02-11 09:00:00,11
2011-02-17 23:00:00,2011-02-18 08:00:00,9
2011-02-22 20:00:00,2011-02-23 02:00:00,6
2011-02-27 19:00:00,2011-03-08 14:00:00,211
2011-03-11 02:00:00,2011-03-11 09:00:00,7
2011-03-12 04:00:00,2011-03-19 18:00:00,182
2011-03-20 09:00:00,2011-03-30 03:00:00,233
2011-03-30 11:00:00,2011-03-30 17:00:00,6
2011-04-03,2011-04-03 20:00:00,20
2011-04-06 22:00:00,2011-04-11 12:00:00,110
2011-04-11 22:00:00,2011-04-12 22:00:00,24
2011-04-14 06:00:00,2011-04-25 17:00:00,275
2011-04-25 23:00:00,2011-04-30 21:00:00,118
2011-05-01 13:00:00,2011-05-01 20:00:00,7
2011-05-03 15:00:00,2011-05-04 02:00:00,11
2011-05-05 04:00:00,2011-05-05 10:00:00,6
2011-05-07 06:00:00,2011-05-07 15:00:00,9
2011-05-10 21:00:00,2011-05-11 11:00:00,14
2011-05-12 10:00:00,2011-05-14 18:00:00,56
2011-05-15 01:00:00,2011-05-15 09:00:00,8
2011-05-15 11:00:00,2011-05-16 04:00:00,17
2011-05-17 05:00:00,2011-05-17 17:00:00,12
2011-05-18 05:00:00,2011-05-20,43
2011-05-20 20:00:00,2011-05-21 03:00:00,7
2011-05-24 19:00:00,2011-05-25 03:00:00,8
2011-05-27 05:00:00,2011-05-27 16:00:00,11
2011-05-29 17:00:00,2011-05-30 15:00:00,22
2011-05-31 08:00:00,2011-05-31 14:00:00,6
2011-05-31 20:00:00,2011-06-04 02:00:00,78
2011-06-04 11:00:00,2011-06-04 20:00:00,9
2011-06-05,2011-06-07 08:00:00,56
2011-06-08 19:00:00,2011-06-12,77
2011-06-13 06:00:00,2011-06-14 19:00:00,37
2011-06-15 03:00:00,2011-06-15 16:00:00,13
2011-06-16,2011-06-16 11:00:00,11
2011-06-19 03:00:00,2011-06-20 18:00:00,39
2011-06-22 14:00:00,2011-06-22 23:00:00,9
2011-06-23 03:00:00,2011-06-24 11:00:00,32
2011-06-26 02:00:00,2011-07-04 21:00:00,211
2011-07-05 07:00:00,2011-07-06 07:00:00,24
2011-07-08 19:00:00,2011-07-15 19:00:00,168
2011-07-19 09:00:00,2011-08-03 12:00:00,363
2011-08-03 19:00:00,2011-08-06 18:00:00,71
2011-08-06 21:00:00,2011-08-08,27
2011-08-08 15:00:00,2011-08-10 01:00:00,34
2011-08-11 18:00:00,2011-08-12 14:00:00,20
2011-08-13 02:00:00,2011-08-15 18:00:00,64
2011-08-16 10:00:00,2011-08-19 10:00:00,72
2011-08-20,2011-08-20 11:00:00,11
2011-08-20 21:00:00,2011-08-24,75
2011-08-24 02:00:00,2011-08-25 04:00:00,26
2011-08-25 14:00:00,2011-08-26 21:00:00,31
2011-08-28 02:00:00,2011-09-02 21:00:00,139
2011-09-03 10:00:00,2011-09-04 07:00:00,21
2011-09-08 10:00:00,2011-09-08 23:00:00,13
2011-09-09 05:00:00,2011-09-09 16:00:00,11
2011-09-14 09:00:00,2011-09-16 09:00:00,48
2011-09-19,2011-09-19 08:00:00,8
2011-09-20 02:00:00,2011-09-21 02:00:00,24
2011-09-22 07:00:00,2011-09-23 11:00:00,28
2011-09-24 09:00:00,2011-09-25 04:00:00,19
2011-09-25 21:00:00,2011-09-28 01:00:00,52
2011-09-28 03:00:00,2011-09-28 14:00:00,11
2011-09-30 20:00:00,2011-10-03 07:00:00,59
2011-10-03 18:00:00,2011-10-04 17:00:00,23
2011-10-07 16:00:00,2011-10-08 06:00:00,14
2011-10-11 19:00:00,2011-10-12 01:00:00,6
2011-10-12 04:00:00,2011-10-15 01:00:00,69
2011-10-15 03:00:00,2011-10-16 16:00:00,37
2011-10-19 18:00:00,2011-10-20 16:00:00,22
2011-10-23 01:00:00,2011-10-23 08:00:00,7
2011-10-24 18:00:00,2011-10-28 11:00:00,89
2011-11-04 20:00:00,2011-11-08 15:00:00,91
2011-11-16 10:00:00,2011-11-17 02:00:00,16
2011-11-20 05:00:00,2011-11-21 21:00:00,40
2011-11-22 03:00:00,2011-11-22 22:00:00,19
2011-12-09 15:00:00,2011-12-10 16:00:00,25
2011-12-18 12:00:00,2011-12-19 03:00:00,15
2011-12-19 17:00:00,2011-12-20,7
2011-12-20 06:00:00,2011-12-20 17:00:00,11
2011-12-21 08:00:00,2011-12-21 16:00:00,8
2012-01-06 07:00:00,2012-01-06 14:00:00,7
2012-01-07 07:00:00,2012-01-07 20:00:00,13
2012-01-07 22:00:00,2012-01-08 22:00:00,24
2012-01-09 11:00:00,2012-01-10 08:00:00,21
2012-01-11 06:00:00,2012-01-11 15:00:00,9
2012-01-12 09:00:00,2012-01-14 06:00:00,45
2012-01-16 13:00:00,2012-01-17 13:00:00,24
2012-01-18 09:00:00,2012-01-19,15
2012-01-22 15:00:00,2012-01-24 01:00:00,34
2012-01-28,2012-01-30 09:00:00,57
2012-02-01 13:00:00,2012-02-04 01:00:00,60
2012-02-05 05:00:00,2012-02-07 06:00:00,49
2012-02-08 19:00:00,2012-02-13 07:00:00,108
2012-02-15 05:00:00,2012-02-17 11:00:00,54
2012-02-19 06:00:00,2012-02-20 04:00:00,22
2012-02-25 11:00:00,2012-03-02 19:00:00,152
2012-03-05 05:00:00,2012-03-06 11:00:00,30
2012-03-09 17:00:00,2012-03-16 03:00:00,154
2012-03-16 17:00:00,2012-03-18 05:00:00,36
2012-03-18 12:00:00,2012-03-22 09:00:00,93
2012-03-22 18:00:00,2012-03-24 04:00:00,34
2012-03-25 11:00:00,2012-04-03 11:00:00,216
2012-04-05 20:00:00,2012-04-08 21:00:00,73
2012-04-10 12:00:00,2012-04-14 06:00:00,90
2012-04-15 04:00:00,2012-04-16 11:00:00,31
2012-04-19 10:00:00,2012-04-21 02:00:00,40
2012-04-21 06:00:00,2012-04-21 14:00:00,8
2012-04-22 22:00:00,2012-04-23 05:00:00,7
2012-04-24 09:00:00,2012-04-24 22:00:00,13
2012-04-26 16:00:00,2012-04-27 01:00:00,9
2012-05-01 14:00:00,2012-05-04 18:00:00,76
2012-05-04 23:00:00,2012-05-05 05:00:00,6
2012-05-05 15:00:00,2012-05-06 22:00:00,31
2012-05-07 09:00:00,2012-05-08 02:00:00,17
2012-05-08 04:00:00,2012-05-10 01:00:00,45
2012-05-11 10:00:00,2012-05-13 11:00:00,49
2012-05-14 06:00:00,2012-05-14 20:00:00,14
2012-05-15 11:00:00,2012-05-17 21:00:00,58
2012-05-19 02:00:00,2012-05-23 14:00:00,108
2012-05-23 16:00:00,2012-05-25 20:00:00,52
2012-05-26 14:00:00,2012-05-31 09:00:00,115
2012-05-31 11:00:00,2012-06-03 03:00:00,64
2012-06-03 23:00:00,2012-06-05 06:00:00,31
2012-06-06 01:00:00,2012-06-07 01:00:00,24
2012-06-09 06:00:00,2012-06-14 07:00:00,121
2012-06-17 02:00:00,2012-06-21 10:00:00,104
2012-06-24 05:00:00,2012-06-28 14:00:00,105
2012-06-30 04:00:00,2012-06-30 13:00:00,9
2012-07-01 21:00:00,2012-07-03 11:00:00,38
2012-07-03 14:00:00,2012-07-06 19:00:00,77
2012-07-07 14:00:00,2012-07-10 17:00:00,75
2012-07-10 20:00:00,2012-07-12 09:00:00,37
2012-07-13 02:00:00,2012-07-15 15:00:00,61
2012-07-15 17:00:00,2012-07-16 02:00:00,9
2012-07-16 23:00:00,2012-07-17 10:00:00,11
2012-07-18 06:00:00,2012-07-18 14:00:00,8
2012-07-18 20:00:00,2012-07-22 06:00:00,82
2012-07-23 17:00:00,2012-07-27 22:00:00,101
2012-07-28,2012-07-31 15:00:00,87
2012-08-02 03:00:00,2012-08-02 16:00:00,13
2012-08-04 09:00:00,2012-08-06 21:00:00,60
2012-08-07,2012-08-11 03:00:00,99
2012-08-11 15:00:00,2012-08-12 23:00:00,32
2012-08-13 08:00:00,2012-08-14 21:00:00,37
2012-08-18 08:00:00,2012-08-21 12:00:00,76
2012-08-22 19:00:00,2012-08-24 04:00:00,33
2012-08-24 16:00:00,2012-08-25 06:00:00,14
2012-08-25 11:00:00,2012-08-25 22:00:00,11
2012-08-26,2012-08-26 20:00:00,20
2012-08-28 02:00:00,2012-08-28 16:00:00,14
2012-08-30 12:00:00,2012-09-01 11:00:00,47
2012-09-02 04:00:00,2012-09-09 09:00:00,173
2012-09-09 23:00:00,2012-09-10 07:00:00,8
2012-09-11 19:00:00,2012-09-12 18:00:00,23
2012-09-12 22:00:00,2012-09-13 11:00:00,13
2012-09-14 12:00:00,2012-09-16 05:00:00,41
2012-09-16 17:00:00,2012-09-17 09:00:00,16
2012-09-18 09:00:00,2012-09-21 18:00:00,81
2012-09-21 21:00:00,2012-09-23 05:00:00,32
2012-09-24 13:00:00,2012-09-24 21:00:00,8
2012-09-27 05:00:00,2012-09-27 21:00:00,16
2012-09-28 07:00:00,2012-09-28 18:00:00,11
2012-09-29 06:00:00,2012-09-29 17:00:00,11
2012-10-04 03:00:00,2012-10-04 13:00:00,10
2012-10-04 20:00:00,2012-10-07 15:00:00,67
2012-10-08 03:00:00,2012-10-09 10:00:00,31
2012-10-10 01:00:00,2012-10-10 22:00:00,21
2012-10-11,2012-10-11 10:00:00,10
2012-10-12 01:00:00,2012-10-12 13:00:00,12
2012-10-12 15:00:00,2012-10-13 01:00:00,10
2012-10-13 04:00:00,2012-10-15 19:00:00,63
2012-10-18 18:00:00,2012-10-21 04:00:00,58
2012-10-22 02:00:00,2012-10-25,70
2012-10-27 13:00:00,2012-10-28,11
2012-10-29 06:00:00,2012-10-30 16:00:00,34
2012-10-31 21:00:00,2012-11-01 07:00:00,10
2012-11-02 14:00:00,2012-11-03 04:00:00,14
2012-11-06 01:00:00,2012-11-06 09:00:00,8
2012-11-06 14:00:00,2012-11-07 09:00:00,19
2012-11-07 23:00:00,2012-11-08 21:00:00,22
2012-11-09 18:00:00,2012-11-10 11:00:00,17
2012-11-10 20:00:00,2012-11-11 02:00:00,6
2012-11-11 05:00:00,2012-11-11 21:00:00,16
2012-11-14 22:00:00,2012-11-18 11:00:00,85
2012-11-25 05:00:00,2012-11-25 11:00:00,6
2012-11-28 17:00:00,2012-12-02 18:00:00,97
2012-12-05 12:00:00,2012-12-06 07:00:00,19
2012-12-08 04:00:00,2012-12-08 23:00:00,19
2012-12-09 14:00:00,2012-12-11 09:00:00,43
2012-12-18 11:00:00,2012-12-18 17:00:00,6
2013-01-03 02:00:00,2013-01-03 19:00:00,17
2013-01-09 04:00:00,2013-01-10 06:00:00,26
2013-01-13 06:00:00,2013-01-14 03:00:00,21
2013-01-15 07:00:00,2013-01-16,17
2013-01-16 09:00:00,2013-01-16 15:00:00,6
2013-01-19 15:00:00,2013-01-21 08:00:00,41
2013-01-23 11:00:00,2013-01-24 20:00:00,33
2013-02-02 10:00:00,2013-02-02 23:00:00,13
2013-02-07 01:00:00,2013-02-07 11:00:00,10
2013-02-08 12:00:00,2013-02-10 06:00:00,42
2013-02-12 09:00:00,2013-02-13 03:00:00,18
2013-02-15 02:00:00,2013-02-16 14:00:00,36
2013-02-19 20:00:00,2013-02-20 08:00:00,12
2013-02-22 15:00:00,2013-02-23,9
2013-02-23 14:00:00,2013-02-26 11:00:00,69
2013-02-27 06:00:00,2013-02-27 18:00:00,12
2013-02-27 21:00:00,2013-02-28 10:00:00,13
2013-03-01 01:00:00,2013-03-03 20:00:00,67
2013-03-04 10:00:00,2013-03-06 09:00:00,47
2013-03-07 18:00:00,2013-03-08 03:00:00,9
2013-03-13 10:00:00,2013-03-14 15:00:00,29
2013-03-15 22:00:00,2013-03-21,122
2013-03-26 12:00:00,2013-03-26 18:00:00,6
2013-03-27 12:00:00,2013-03-28 19:00:00,31
2013-04-05 21:00:00,2013-04-07 04:00:00,31
2013-04-10 06:00:00,2013-04-11 03:00:00,21
2013-04-11 17:00:00,2013-04-12,7
2013-04-12 14:00:00,2013-04-13 06:00:00,16
2013-04-19 08:00:00,2013-04-21 04:00:00,44
2013-04-21 10:00:00,2013-04-22 08:00:00,22
2013-04-22 12:00:00,2013-04-25 23:00:00,83
2013-04-26 07:00:00,2013-04-26 17:00:00,10
2013-04-27 11:00:00,2013-04-28 09:00:00,22
2013-04-28 11:00:00,2013-04-28 20:00:00,9
2013-04-29 12:00:00,2013-05-03 09:00:00,93
2013-05-05 03:00:00,2013-05-07 19:00:00,64
2013-05-14 03:00:00,2013-05-14 21:00:00,18
2013-05-15 11:00:00,2013-05-22 23:00:00,180
2013-05-24 15:00:00,2013-05-26 21:00:00,54
2013-05-27 13:00:00,2013-05-28 21:00:00,32
2013-05-29 13:00:00,2013-05-30,11
2013-05-30 10:00:00,2013-06-10 09:00:00,263
2013-06-11 07:00:00,2013-06-11 18:00:00,11
2013-06-12 08:00:00,2013-06-12 14:00:00,6
2013-06-16 03:00:00,2013-06-16 10:00:00,7
2013-06-17 07:00:00,2013-06-21 14:00:00,103
2013-06-24 03:00:00,2013-06-28 14:00:00,107
2013-06-28 16:00:00,2013-06-30 04:00:00,36
2013-06-30 21:00:00,2013-07-02 02:00:00,29
2013-07-03 01:00:00,2013-07-03 20:00:00,19
2013-07-04 11:00:00,2013-07-29 11:00:00,600
2013-07-29 22:00:00,2013-07-30 15:00:00,17
2013-07-30 21:00:00,2013-07-31 09:00:00,12
2013-08-02 19:00:00,2013-08-03 13:00:00,18
2013-08-03 21:00:00,2013-08-05 06:00:00,33
2013-08-05 10:00:00,2013-08-09 02:00:00,88
2013-08-09 06:00:00,2013-08-14 13:00:00,127
2013-08-14 20:00:00,2013-08-15 10:00:00,14
2013-08-15 23:00:00,2013-08-16 19:00:00,20
2013-08-18,2013-08-21 02:00:00,74
2013-08-21 10:00:00,2013-08-23 23:00:00,61
2013-08-24 05:00:00,2013-08-30 10:00:00,149
2013-08-30 15:00:00,2013-08-30 22:00:00,7
2013-08-31,2013-09-06 20:00:00,164
2013-09-07 09:00:00,2013-09-10 02:00:00,65
2013-09-10 09:00:00,2013-09-15,111
2013-09-18 07:00:00,2013-09-19 03:00:00,20
2013-09-19 21:00:00,2013-09-27 17:00:00,188
2013-09-28 15:00:00,2013-09-29,9
2013-09-29 03:00:00,2013-09-29 15:00:00,12
2013-09-29 19:00:00,2013-09-30 09:00:00,14
2013-09-30 11:00:00,2013-09-30 21:00:00,10
2013-10-01 06:00:00,2013-10-01 12:00:00,6
2013-10-03 11:00:00,2013-10-07 10:00:00,95
2013-10-08 02:00:00,2013-10-09 15:00:00,37
2013-10-12 18:00:00,2013-10-15 21:00:00,75
2013-10-24 03:00:00,2013-10-24 09:00:00,6
2013-10-29 17:00:00,2013-10-30 04:00:00,11
2013-11-01 04:00:00,2013-11-02 03:00:00,23
2013-11-09 03:00:00,2013-11-09 13:00:00,10
2013-11-09 15:00:00,2013-11-09 23:00:00,8
2013-11-11 22:00:00,2013-11-13 09:00:00,35
2013-11-14 22:00:00,2013-11-18 07:00:00,81
2013-11-22,2013-11-29 07:00:00,175
2013-11-30 09:00:00,2013-12-03 23:00:00,86
2013-12-04 09:00:00,2013-12-04 23:00:00,14
2013-12-06 02:00:00,2013-12-06 08:00:00,6
2013-12-06 11:00:00,2013-12-07 15:00:00,28
2013-12-09 03:00:00,2013-12-09 11:00:00,8
2014-01-09 12:00:00,2014-01-09 21:00:00,9
2014-01-10 18:00:00,2014-01-11 20:00:00,26
2014-01-17 14:00:00,2014-01-17 22:00:00,8
2014-01-18 17:00:00,2014-01-20 21:00:00,52
2014-01-21 15:00:00,2014-01-21 22:00:00,7
2014-01-29 20:00:00,2014-01-31 01:00:00,29
2014-02-18 19:00:00,2014-02-19 01:00:00,6
2014-02-19 03:00:00,2014-02-19 17:00:00,14
2014-03-01 08:00:00,2014-03-01 21:00:00,13
2014-03-04 12:00:00,2014-03-05 05:00:00,17
2014-03-07 11:00:00,2014-03-07 23:00:00,12
2014-03-09 21:00:00,2014-03-18,195
2014-03-18 15:00:00,2014-03-18 23:00:00,8
2014-03-23 11:00:00,2014-03-24 02:00:00,15
2014-03-26 12:00:00,2014-03-28 09:00:00,45
2014-03-28 19:00:00,2014-03-29 17:00:00,22
2014-03-30 02:00:00,2014-03-31 16:00:00,38
2014-04-01 01:00:00,2014-04-01 15:00:00,14
2014-04-02 11:00:00,2014-04-04 19:00:00,56
2014-04-08 11:00:00,2014-04-12 09:00:00,94
2014-04-12 16:00:00,2014-04-20 07:00:00,183
2014-04-21 12:00:00,2014-04-22 22:00:00,34
2014-04-23 05:00:00,2014-04-25 17:00:00,60
2014-04-27 09:00:00,2014-04-30 09:00:00,72
2014-04-30 14:00:00,2014-05-04 22:00:00,104
2014-05-12 19:00:00,2014-05-18 01:00:00,126
2014-05-18 04:00:00,2014-05-22 10:00:00,102
2014-05-22 12:00:00,2014-05-22 20:00:00,8
2014-05-24 07:00:00,2014-05-25 04:00:00,21
2014-05-25 07:00:00,2014-06-04 01:00:00,234
2014-06-04 14:00:00,2014-06-06 02:00:00,36
2014-06-06 21:00:00,2014-06-07 13:00:00,16
2014-06-09 05:00:00,2014-06-10 11:00:00,30
2014-06-10 19:00:00,2014-07-02 19:00:00,528
2014-07-02 22:00:00,2014-07-03 11:00:00,13
2014-07-04 14:00:00,2014-07-09 01:00:00,107
2014-07-09 04:00:00,2014-07-14 08:00:00,124
2014-07-14 19:00:00,2014-07-16 01:00:00,30
2014-07-16 08:00:00,2014-07-17 20:00:00,36
2014-07-18 05:00:00,2014-07-28 01:00:00,236
2014-07-28 11:00:00,2014-07-31 16:00:00,77
2014-07-31 21:00:00,2014-08-02 08:00:00,35
2014-08-03 09:00:00,2014-08-09 23:00:00,158
2014-08-13 05:00:00,2014-08-16 13:00:00,80
2014-08-17 10:00:00,2014-08-17 19:00:00,9
2014-08-18 09:00:00,2014-08-18 22:00:00,13
2014-08-19 01:00:00,2014-08-21 08:00:00,55
2014-08-21 17:00:00,2014-08-24 10:00:00,65
2014-08-24 23:00:00,2014-08-25 07:00:00,8
2014-08-26 15:00:00,2014-08-27 01:00:00,10
2014-08-30 11:00:00,2014-09-17 09:00:00,430
2014-09-17 11:00:00,2014-09-24 04:00:00,161
2014-09-24 06:00:00,2014-09-25 09:00:00,27
2014-09-25 11:00:00,2014-09-30 09:00:00,118
2014-09-30 23:00:00,2014-10-02 20:00:00,45
2014-10-04 08:00:00,2014-10-05 11:00:00,27
2014-10-07 02:00:00,2014-10-07 13:00:00,11
2014-10-10 11:00:00,2014-10-12 17:00:00,54
2014-10-13 22:00:00,2014-10-15 01:00:00,27
2014-10-23 22:00:00,2014-10-24 13:00:00,15
2014-10-28 15:00:00,2014-10-30 11:00:00,44
2014-11-05 10:00:00,2014-11-05 22:00:00,12
2014-11-09 08:00:00,2014-11-10 08:00:00,24
2014-11-16 06:00:00,2014-11-16 16:00:00,10
2014-11-17 20:00:00,2014-11-18 09:00:00,13
2014-11-20 05:00:00,2014-11-20 18:00:00,13
2014-11-22 03:00:00,2014-11-24 19:00:00,64
2014-11-25 08:00:00,2014-11-27 12:00:00,52
2014-11-29 13:00:00,2014-12-01 19:00:00,54
2014-12-03 05:00:00,2014-12-05 01:00:00,44
2014-12-05 23:00:00,2014-12-06 15:00:00,16
2014-12-08 20:00:00,2014-12-09 03:00:00,7
2014-12-13 04:00:00,2014-12-13 18:00:00,14
2014-12-15 04:00:00,2014-12-16 15:00:00,35
2014-12-25 03:00:00,2014-12-26 08:00:00,29
2014-12-28 08:00:00,2014-12-30 04:00:00,44
2015-01-04 15:00:00,2015-01-05 02:00:00,11
2015-01-17 09:00:00,2015-01-18 02:00:00,17
2015-01-19 03:00:00,2015-01-19 22:00:00,19
2015-01-21 18:00:00,2015-01-23 02:00:00,32
2015-01-24 01:00:00,2015-01-25 01:00:00,24
2015-01-26 09:00:00,2015-01-27 14:00:00,29
2015-02-01 14:00:00,2015-02-03 13:00:00,47
2015-02-05,2015-02-05 07:00:00,7
2015-02-06,2015-02-06 14:00:00,14
2015-02-07 22:00:00,2015-02-12 14:00:00,112
2015-02-14 12:00:00,2015-02-15 14:00:00,26
2015-02-17 05:00:00,2015-02-17 14:00:00,9
2015-02-21 22:00:00,2015-02-22 05:00:00,7
2015-03-04 14:00:00,2015-03-05 04:00:00,14
2015-03-14,2015-03-14 20:00:00,20
2015-03-16 05:00:00,2015-03-21 04:00:00,119
2015-03-21 08:00:00,2015-03-24 19:00:00,83
2015-03-25 03:00:00,2015-03-25 16:00:00,13
2015-03-26 13:00:00,2015-03-27 22:00:00,33
2015-04-02 09:00:00,2015-04-02 22:00:00,13
2015-04-03 16:00:00,2015-04-10 12:00:00,164
2015-04-13 03:00:00,2015-04-13 10:00:00,7
2015-04-13 22:00:00,2015-04-16 14:00:00,64
2015-04-17 01:00:00,2015-04-18 02:00:00,25
2015-04-18 17:00:00,2015-04-19 14:00:00,21
2015-04-20,2015-04-25 17:00:00,137
2015-04-26 12:00:00,2015-04-27 17:00:00,29
2015-04-28 07:00:00,2015-04-28 13:00:00,6
2015-04-30 03:00:00,2015-04-30 23:00:00,20
2015-05-01 16:00:00,2015-05-01 22:00:00,6
2015-05-03 03:00:00,2015-05-03 11:00:00,8
2015-05-04 17:00:00,2015-05-05 04:00:00,11
2015-05-07,2015-05-08 07:00:00,31
2015-05-09 10:00:00,2015-05-09 23:00:00,13
2015-05-13,2015-05-13 23:00:00,23
2015-05-14 06:00:00,2015-05-14 15:00:00,9
2015-05-15 07:00:00,2015-05-15 13:00:00,6
2015-05-15 21:00:00,2015-05-17 13:00:00,40
2015-05-18,2015-05-18 06:00:00,6
2015-05-20 05:00:00,2015-05-27 11:00:00,174
2015-05-27 23:00:00,2015-05-28 22:00:00,23
2015-05-29 09:00:00,2015-05-30 14:00:00,29
2015-06-03 22:00:00,2015-06-05 07:00:00,33
2015-06-06 21:00:00,2015-06-08 21:00:00,48
2015-06-09 02:00:00,2015-06-17 09:00:00,199
2015-06-17 18:00:00,2015-06-20 15:00:00,69
2015-06-21 04:00:00,2015-06-21 16:00:00,12
2015-06-21 20:00:00,2015-06-25 20:00:00,96
2015-06-27 02:00:00,2015-06-27 15:00:00,13
2015-06-28 22:00:00,2015-06-30 16:00:00,42
2015-07-01 09:00:00,2015-07-04,63
2015-07-08 16:00:00,2015-07-11 10:00:00,66
2015-07-12 09:00:00,2015-07-13 03:00:00,18
2015-07-14,2015-07-16 08:00:00,56
2015-07-18 05:00:00,2015-07-18 12:00:00,7
2015-07-18 14:00:00,2015-07-18 20:00:00,6
2015-07-19 04:00:00,2015-07-20 05:00:00,25
2015-07-21 23:00:00,2015-07-24 09:00:00,58
2015-07-24 15:00:00,2015-07-25 23:00:00,32
2015-07-29 08:00:00,2015-07-31 14:00:00,54
2015-08-01 08:00:00,2015-08-02 07:00:00,23
2015-08-06 06:00:00,2015-08-08 15:00:00,57
2015-08-09 03:00:00,2015-08-10 07:00:00,28
2015-08-10 18:00:00,2015-08-14 21:00:00,99
2015-08-15,2015-08-19 03:00:00,99
2015-08-19 09:00:00,2015-08-20 11:00:00,26
2015-08-21 10:00:00,2015-08-25 10:00:00,96
2015-08-28 22:00:00,2015-09-01 05:00:00,79
2015-09-01 07:00:00,2015-09-03 05:00:00,46
2015-09-03 07:00:00,2015-09-09 03:00:00,140
2015-09-09 12:00:00,2015-09-11 12:00:00,48
2015-09-12 16:00:00,2015-09-13 09:00:00,17
2015-09-15 07:00:00,2015-09-20 09:00:00,122
2015-09-21 05:00:00,2015-09-21 14:00:00,9
2015-09-22 12:00:00,2015-09-23 15:00:00,27
2015-09-24 16:00:00,2015-09-30 06:00:00,134
2015-09-30 16:00:00,2015-10-04 09:00:00,89
2015-10-06 01:00:00,2015-10-06 13:00:00,12
2015-10-07 13:00:00,2015-10-10 20:00:00,79
2015-10-11,2015-10-12 19:00:00,43
2015-10-12 22:00:00,2015-10-20 20:00:00,190
2015-10-22 12:00:00,2015-10-23 06:00:00,18
2015-10-24 11:00:00,2015-10-25 10:00:00,24
2015-10-31 23:00:00,2015-11-05 08:00:00,105
2015-11-19 23:00:00,2015-11-20 07:00:00,8
2015-11-21 19:00:00,2015-11-22 04:00:00,9
2015-11-22 19:00:00,2015-11-23 14:00:00,19
2015-11-25 22:00:00,2015-11-27 01:00:00,27
2015-12-11 19:00:00,2015-12-12 02:00:00,7
2016-01-06 05:00:00,2016-01-06 13:00:00,8
2016-01-13,2016-01-13 06:00:00,6
2016-01-15 21:00:00,2016-01-17 12:00:00,39
2016-01-19,2016-01-20 09:00:00,33
2016-02-10 17:00:00,2016-02-12 21:00:00,52
2016-02-15 14:00:00,2016-02-16 03:00:00,13
2016-02-22 06:00:00,2016-02-26 09:00:00,99
2016-02-27 20:00:00,2016-02-29 09:00:00,37
2016-03-06 05:00:00,2016-03-09,67
2016-03-10 02:00:00,2016-03-14 19:00:00,113
2016-03-15 10:00:00,2016-03-24 01:00:00,207
2016-03-24 23:00:00,2016-03-25 12:00:00,13
2016-03-30 11:00:00,2016-03-31 22:00:00,35
2016-04-03 15:00:00,2016-04-05 20:00:00,53
2016-04-08,2016-04-08 12:00:00,12
2016-04-08 21:00:00,2016-04-10 01:00:00,28
2016-04-11 09:00:00,2016-04-13 08:00:00,47
2016-04-13 19:00:00,2016-04-15 20:00:00,49
2016-04-16 10:00:00,2016-04-20 14:00:00,100
2016-04-20 22:00:00,2016-04-22 23:00:00,49
2016-04-23 02:00:00,2016-04-25 05:00:00,51
2016-04-25 11:00:00,2016-04-25 19:00:00,8
2016-04-27 09:00:00,2016-04-28 07:00:00,22
2016-04-29 11:00:00,2016-05-01 02:00:00,39
2016-05-01 08:00:00,2016-05-01 14:00:00,6
2016-05-02 17:00:00,2016-05-06 16:00:00,95
2016-05-07 05:00:00,2016-05-08 22:00:00,41
2016-05-09 02:00:00,2016-05-17 12:00:00,202
2016-05-18 01:00:00,2016-05-18 13:00:00,12
2016-05-18 20:00:00,2016-05-19 09:00:00,13
2016-05-20 05:00:00,2016-05-20 11:00:00,6
2016-05-21 09:00:00,2016-06-01 14:00:00,269
2016-06-01 23:00:00,2016-06-02 07:00:00,8
2016-06-02 09:00:00,2016-06-12 18:00:00,249
2016-06-12 20:00:00,2016-06-13 15:00:00,19
2016-06-14 11:00:00,2016-06-16 21:00:00,58
2016-06-17 10:00:00,2016-06-19 10:00:00,48
2016-06-20 10:00:00,2016-06-20 17:00:00,7
2016-06-20 23:00:00,2016-06-23 17:00:00,66
2016-06-23 20:00:00,2016-06-25 06:00:00,34
2016-06-25 08:00:00,2016-06-26 23:00:00,39
2016-06-27 02:00:00,2016-06-28 09:00:00,31
2016-06-29 20:00:00,2016-06-30 13:00:00,17
2016-07-01,2016-07-01 08:00:00,8
2016-07-02 10:00:00,2016-07-04 10:00:00,48
2016-07-04 22:00:00,2016-07-06 21:00:00,47
2016-07-07 02:00:00,2016-07-07 21:00:00,19
2016-07-08 05:00:00,2016-07-08 21:00:00,16
2016-07-11 16:00:00,2016-07-15 02:00:00,82
2016-07-16 01:00:00,2016-07-20 18:00:00,113
2016-07-20 20:00:00,2016-07-24 12:00:00,88
2016-07-24 19:00:00,2016-07-26 17:00:00,46
2016-07-27 02:00:00,2016-07-28 07:00:00,29
2016-07-28 17:00:00,2016-08-01 10:00:00,89
2016-08-04 11:00:00,2016-08-06 13:00:00,50
2016-08-08 12:00:00,2016-08-12 09:00:00,93
2016-08-13 03:00:00,2016-08-19,141
2016-08-22 20:00:00,2016-08-28 03:00:00,127
2016-08-28 12:00:00,2016-08-31,60
2016-08-31 03:00:00,2016-09-01 12:00:00,33
2016-09-02 01:00:00,2016-09-02 16:00:00,15
2016-09-02 18:00:00,2016-09-03 06:00:00,12
2016-09-04 09:00:00,2016-09-04 21:00:00,12
2016-09-05 04:00:00,2016-09-06 04:00:00,24
2016-09-06 14:00:00,2016-09-08 02:00:00,36
2016-09-10 16:00:00,2016-09-10 22:00:00,6
2016-09-11 01:00:00,2016-09-11 07:00:00,6
2016-09-14 12:00:00,2016-09-21 12:00:00,168
2016-09-21 22:00:00,2016-09-22 13:00:00,15
2016-09-22 21:00:00,2016-09-23 08:00:00,11
2016-09-26 05:00:00,2016-09-26 17:00:00,12
2016-09-30 10:00:00,2016-10-01 06:00:00,20
2016-10-01 19:00:00,2016-10-02 21:00:00,26
2016-10-06 19:00:00,2016-10-07 01:00:00,6
2016-10-07 11:00:00,2016-10-11 03:00:00,88
2016-10-12 23:00:00,2016-10-14 12:00:00,37
2016-10-14 15:00:00,2016-10-14 23:00:00,8
2016-10-15 05:00:00,2016-10-15 18:00:00,13
2016-10-18 16:00:00,2016-10-22 13:00:00,93
2016-10-24 22:00:00,2016-10-27 04:00:00,54
2016-10-28 01:00:00,2016-11-01,96
2016-11-02,2016-11-04 23:00:00,71
2016-11-07 12:00:00,2016-11-08 11:00:00,23
2016-11-10 20:00:00,2016-11-11 10:00:00,14
2016-11-12 09:00:00,2016-11-14 09:00:00,48
2016-11-15 02:00:00,2016-11-15 22:00:00,20
2016-11-19 07:00:00,2016-11-19 19:00:00,12
2016-11-26 02:00:00,2016-11-27 10:00:00,32
2016-11-27 13:00:00,2016-11-27 21:00:00,8
2016-11-28 11:00:00,2016-12-03 04:00:00,113
2016-12-05 02:00:00,2016-12-06 07:00:00,29
2016-12-11 06:00:00,2016-12-12 19:00:00,37
2016-12-17 10:00:00,2016-12-19 15:00:00,53
2016-12-27 10:00:00,2016-12-31 15:00:00,101
2017-01-02 13:00:00,2017-01-05 21:00:00,80
2017-01-06 18:00:00,2017-01-08 22:00:00,52
2017-01-15 14:00:00,2017-01-20 10:00:00,116
2017-01-20 12:00:00,2017-01-21 14:00:00,26
2017-01-21 16:00:00,2017-01-23 19:00:00,51
2017-01-28 07:00:00,2017-01-30 09:00:00,50
2017-02-14 16:00:00,2017-02-14 22:00:00,6
2017-02-16,2017-02-17 14:00:00,38
2017-02-19 12:00:00,2017-02-20 11:00:00,23
2017-02-20 13:00:00,2017-02-20 19:00:00,6
2017-02-24 05:00:00,2017-02-24 15:00:00,10
2017-03-01 04:00:00,2017-03-01 15:00:00,11
2017-03-09 18:00:00,2017-03-12 06:00:00,60
2017-03-13 19:00:00,2017-03-14 16:00:00,21
2017-03-14 18:00:00,2017-03-15 07:00:00,13
2017-03-15 09:00:00,2017-03-16 19:00:00,34
2017-03-24 12:00:00,2017-03-25 17:00:00,29
2017-03-26 10:00:00,2017-03-28 11:00:00,49
2017-04-02 03:00:00,2017-04-03,21
2017-04-05 04:00:00,2017-04-14 13:00:00,225
2017-04-14 17:00:00,2017-04-16 09:00:00,40
2017-04-16 11:00:00,2017-04-24 20:00:00,201
2017-04-26 09:00:00,2017-04-29 06:00:00,69
2017-05-01 12:00:00,2017-05-03 10:00:00,46
2017-05-04 15:00:00,2017-05-04 21:00:00,6
2017-05-06 13:00:00,2017-05-13,155
2017-05-14 08:00:00,2017-05-14 16:00:00,8
2017-05-18 03:00:00,2017-05-20 16:00:00,61
2017-05-20 22:00:00,2017-05-21 04:00:00,6
2017-05-21 06:00:00,2017-05-22 08:00:00,26
2017-05-23 03:00:00,2017-05-27 10:00:00,103
2017-05-27 14:00:00,2017-06-01 02:00:00,108
2017-06-01 13:00:00,2017-06-03 05:00:00,40
2017-06-04 02:00:00,2017-06-04 15:00:00,13
2017-06-12 20:00:00,2017-06-14 22:00:00,50
2017-06-16 02:00:00,2017-06-19 23:00:00,93
2017-06-20 10:00:00,2017-06-22 17:00:00,55
2017-06-23 23:00:00,2017-06-25,25
2017-06-25 08:00:00,2017-06-28 20:00:00,84
2017-06-30 18:00:00,2017-07-11 16:00:00,262
2017-07-12 02:00:00,2017-07-13 20:00:00,42
2017-07-13 22:00:00,2017-07-14 17:00:00,19
2017-07-16 01:00:00,2017-07-19 21:00:00,92
2017-07-20 17:00:00,2017-07-20 23:00:00,6
2017-07-22 11:00:00,2017-07-26 03:00:00,88
2017-07-29 04:00:00,2017-07-30 04:00:00,24
2017-07-31 10:00:00,2017-08-02 01:00:00,39
2017-08-04 07:00:00,2017-08-06 06:00:00,47
2017-08-06 22:00:00,2017-08-08 23:00:00,49
2017-08-09 11:00:00,2017-08-11 04:00:00,41
2017-08-11 21:00:00,2017-08-13 21:00:00,48
2017-08-14 09:00:00,2017-08-16 03:00:00,42
2017-08-17 02:00:00,2017-08-17 10:00:00,8
2017-08-19 18:00:00,2017-08-20 09:00:00,15
2017-08-20 13:00:00,2017-09-02 14:00:00,313
2017-09-03 19:00:00,2017-09-04 17:00:00,22
2017-09-05 03:00:00,2017-09-05 13:00:00,10
2017-09-06 09:00:00,2017-09-07 08:00:00,23
2017-09-08 09:00:00,2017-09-08 17:00:00,8
2017-09-09 21:00:00,2017-09-10 03:00:00,6
2017-09-12 05:00:00,2017-09-12 12:00:00,7
2017-09-16 09:00:00,2017-09-20 02:00:00,89
2017-09-21 04:00:00,2017-09-22,20
2017-09-25 08:00:00,2017-09-26 20:00:00,36
2017-09-28 02:00:00,2017-09-28 11:00:00,9
2017-09-30 16:00:00,2017-10-01 04:00:00,12
2017-10-02 22:00:00,2017-10-04 03:00:00,29
2017-10-05 10:00:00,2017-10-06 18:00:00,32
2017-10-07 09:00:00,2017-10-09 16:00:00,55
2017-10-12 01:00:00,2017-10-12 11:00:00,10
2017-10-15 18:00:00,2017-10-16 02:00:00,8
2017-10-17 13:00:00,2017-10-18 08:00:00,19
2017-10-18 10:00:00,2017-10-19 01:00:00,15
2017-10-25 12:00:00,2017-10-28 11:00:00,71
2017-10-28 17:00:00,2017-10-29,7
2017-10-29 03:00:00,2017-10-31 05:00:00,50
2017-10-31 10:00:00,2017-11-04 04:00:00,90
2017-11-05 18:00:00,2017-11-06 07:00:00,13
2017-11-08 07:00:00,2017-11-08 21:00:00,14
2017-11-09 07:00:00,2017-11-09 21:00:00,14
2017-11-13 01:00:00,2017-11-13 19:00:00,18
2017-11-14 09:00:00,2017-11-16,39
2017-11-16 11:00:00,2017-11-18 01:00:00,38
2017-11-18 13:00:00,2017-11-19 17:00:00,28
2017-11-24 05:00:00,2017-11-24 20:00:00,15
2017-12-01 20:00:00,2017-12-05 19:00:00,95
2017-12-08 22:00:00,2017-12-09 20:00:00,22
2017-12-16 04:00:00,2017-12-16 10:00:00,6
2017-12-16 17:00:00,2017-12-17 03:00:00,10
2017-12-17 16:00:00,2017-12-20 08:00:00,64
2017-12-20 10:00:00,2017-12-20 16:00:00,6
2017-12-21 03:00:00,2017-12-21 22:00:00,19
2017-12-22 09:00:00,2017-12-23 21:00:00,36
2017-12-28 05:00:00,2017-12-29,19
2018-01-11 23:00:00,2018-01-12 06:00:00,7
2018-01-26 10:00:00,2018-01-26 21:00:00,11
2018-01-29 18:00:00,2018-01-30 21:00:00,27
2018-02-02 10:00:00,2018-02-03 01:00:00,15
2018-02-04 10:00:00,2018-02-06 05:00:00,43
2018-02-07 08:00:00,2018-02-07 21:00:00,13
2018-02-08 16:00:00,2018-02-08 22:00:00,6
2018-02-17 04:00:00,2018-02-19 22:00:00,66
2018-02-20 17:00:00,2018-02-22 23:00:00,54
2018-02-27 09:00:00,2018-02-27 20:00:00,11
2018-03-05 06:00:00,2018-03-08,66
2018-03-08 20:00:00,2018-03-09 11:00:00,15
2018-03-12 08:00:00,2018-03-12 15:00:00,7
2018-03-12 22:00:00,2018-03-13 16:00:00,18
2018-03-16 23:00:00,2018-03-17 05:00:00,6
2018-03-20 02:00:00,2018-03-22 05:00:00,51
2018-03-24 15:00:00,2018-03-26 14:00:00,46
2018-03-27 10:00:00,2018-03-28 16:00:00,30
2018-03-28 23:00:00,2018-03-30 21:00:00,46
2018-03-31 11:00:00,2018-04-01 11:00:00,24
2018-04-05 02:00:00,2018-04-05 09:00:00,7
2018-04-08,2018-04-10 09:00:00,57
2018-04-10 22:00:00,2018-04-14 19:00:00,93
2018-04-19 12:00:00,2018-04-22 17:00:00,77
2018-04-22 21:00:00,2018-04-23 10:00:00,13
2018-04-24,2018-04-25 01:00:00,25
2018-04-26 09:00:00,2018-04-27 08:00:00,23
2018-04-27 16:00:00,2018-05-01 05:00:00,85
2018-05-02 17:00:00,2018-05-03 11:00:00,18
2018-05-03 18:00:00,2018-05-08 06:00:00,108
2018-05-08 15:00:00,2018-05-09 07:00:00,16
2018-05-12 19:00:00,2018-05-15 19:00:00,72
2018-05-16 20:00:00,2018-05-21 20:00:00,120
2018-05-22 03:00:00,2018-05-25 21:00:00,90
2018-05-26,2018-05-26 13:00:00,13
2018-05-27 05:00:00,2018-06-11 09:00:00,364
2018-06-11 12:00:00,2018-06-13 12:00:00,48
2018-06-15 09:00:00,2018-06-16 01:00:00,16
2018-06-17 04:00:00,2018-06-17 11:00:00,7
2018-06-18 02:00:00,2018-06-18 10:00:00,8
2018-06-19 01:00:00,2018-06-19 11:00:00,10
2018-06-20 09:00:00,2018-07-01 18:00:00,273
2018-07-02 23:00:00,2018-07-26 19:00:00,572
2018-07-27,2018-07-27 16:00:00,16
2018-07-30 13:00:00,2018-07-31 05:00:00,16
2018-07-31 21:00:00,2018-08-01 09:00:00,12
2018-08-02 03:00:00,2018-08-07 19:00:00,136
2018-08-08,2018-08-11 08:00:00,80
2018-08-11 22:00:00,2018-08-14 09:00:00,59
2018-08-16 13:00:00,2018-08-17 07:00:00,18
2018-08-19 21:00:00,2018-08-23 10:00:00,85
2018-08-24 19:00:00,2018-08-26 01:00:00,30
2018-08-27 12:00:00,2018-09-03 02:00:00,158
2018-09-03 12:00:00,2018-09-06 07:00:00,67
2018-09-06 15:00:00,2018-09-08 02:00:00,35
2018-09-10 01:00:00,2018-09-10 10:00:00,9
2018-09-11 08:00:00,2018-09-13 15:00:00,55
2018-09-14 18:00:00,2018-09-15 13:00:00,19
2018-09-16 12:00:00,2018-09-17 07:00:00,19
2018-09-22 02:00:00,2018-09-22 11:00:00,9
2018-09-23 21:00:00,2018-09-25 12:00:00,39
2018-09-26 01:00:00,2018-09-27 21:00:00,44
2018-09-28 13:00:00,2018-09-30 15:00:00,50
2018-10-01 02:00:00,2018-10-01 19:00:00,17
2018-10-02 08:00:00,2018-10-04 10:00:00,50
2018-10-04 15:00:00,2018-10-06 01:00:00,34
2018-10-06 19:00:00,2018-10-07 10:00:00,15
2018-10-14 14:00:00,2018-10-15 17:00:00,27
2018-10-17 18:00:00,2018-10-21 18:00:00,96
2018-10-22 05:00:00,2018-10-25 22:00:00,89
2018-10-28 20:00:00,2018-10-30 21:00:00,49
2018-10-31 04:00:00,2018-11-02 14:00:00,58
2018-11-05 12:00:00,2018-11-06 05:00:00,17
2018-11-21 06:00:00,2018-11-21 21:00:00,15
2018-11-25 08:00:00,2018-11-26 19:00:00,35
2018-12-10 11:00:00,2018-12-11 07:00:00,20
2018-12-24 19:00:00,2018-12-28 23:00:00,100
2018-12-29 12:00:00,2019-01-01 05:00:00,65
2019-01-01 07:00:00,2019-01-07 04:00:00,141
2019-01-07 20:00:00,2019-01-11 23:00:00,99
2019-01-14 02:00:00,2019-01-15 09:00:00,31
2019-01-17 14:00:00,2019-01-17 23:00:00,9
2019-01-19 08:00:00,2019-01-20 10:00:00,26
2019-01-20 20:00:00,2019-01-21 11:00:00,15
2019-01-23 11:00:00,2019-01-24 17:00:00,30
2019-01-24 20:00:00,2019-01-25 21:00:00,25
2019-01-28 01:00:00,2019-01-28 08:00:00,7
2019-01-28 14:00:00,2019-01-29 08:00:00,18
2019-01-30 12:00:00,2019-01-31 03:00:00,15
2019-02-02 12:00:00,2019-02-03 10:00:00,22
2019-02-11 10:00:00,2019-02-12 02:00:00,16
2019-02-27,2019-02-27 06:00:00,6
2019-02-27 12:00:00,2019-02-28 17:00:00,29
2019-03-08,2019-03-08 07:00:00,7
2019-03-18 15:00:00,2019-03-22 02:00:00,83
2019-03-22 20:00:00,2019-03-30 21:00:00,193
2019-03-31 08:00:00,2019-04-02 01:00:00,41
2019-04-04 17:00:00,2019-04-05 17:00:00,24
2019-04-06 10:00:00,2019-04-11 14:00:00,124
2019-04-11 16:00:00,2019-04-12 22:00:00,30
2019-04-16 17:00:00,2019-04-18 01:00:00,32
2019-04-18 10:00:00,2019-04-25 18:00:00,176
2019-04-28 01:00:00,2019-04-30 09:00:00,56
2019-04-30 12:00:00,2019-05-04 01:00:00,85
2019-05-04 13:00:00,2019-05-07 21:00:00,80
2019-05-09 21:00:00,2019-05-15 13:00:00,136
2019-05-15 19:00:00,2019-05-26 01:00:00,246
2019-05-26 09:00:00,2019-05-27 01:00:00,16
2019-05-27 04:00:00,2019-05-27 12:00:00,8
2019-05-28 08:00:00,2019-05-29 08:00:00,24
2019-05-30 22:00:00,2019-05-31 08:00:00,10
2019-05-31 18:00:00,2019-06-02,30
2019-06-03 09:00:00,2019-06-04 19:00:00,34
2019-06-05 07:00:00,2019-06-07 23:00:00,64
2019-06-08 19:00:00,2019-06-11,53
2019-06-12 17:00:00,2019-06-13 04:00:00,11
2019-06-13 09:00:00,2019-06-14 08:00:00,23
2019-06-14 14:00:00,2019-06-16 12:00:00,46
2019-06-17 05:00:00,2019-06-22 23:00:00,138
2019-06-23 17:00:00,2019-06-26 12:00:00,67
2019-06-28 15:00:00,2019-06-29 22:00:00,31
2019-06-30,2019-06-30 10:00:00,10
2019-06-30 21:00:00,2019-07-17 11:00:00,398
2019-07-17 19:00:00,2019-07-19 04:00:00,33
2019-07-20 09:00:00,2019-07-21 10:00:00,25
2019-07-22 12:00:00,2019-07-23 03:00:00,15
2019-07-24 12:00:00,2019-07-24 22:00:00,10
2019-07-27 01:00:00,2019-07-29 20:00:00,67
2019-07-30 21:00:00,2019-08-04 17:00:00,116
2019-08-07 01:00:00,2019-08-08 17:00:00,40
2019-08-11 08:00:00,2019-08-14,64
2019-08-15 12:00:00,2019-08-15 23:00:00,11
2019-08-19 15:00:00,2019-08-20 14:00:00,23
2019-08-20 18:00:00,2019-08-21 10:00:00,16
2019-08-22 19:00:00,2019-08-27 20:00:00,121
2019-08-28 06:00:00,2019-08-28 21:00:00,15
2019-08-31 22:00:00,2019-09-02 10:00:00,36
2019-09-05 06:00:00,2019-09-05 22:00:00,16
2019-09-06 15:00:00,2019-09-09 07:00:00,64
2019-09-10 01:00:00,2019-09-10 16:00:00,15
2019-09-11 12:00:00,2019-09-12 06:00:00,18
2019-09-12 17:00:00,2019-09-20 08:00:00,183
2019-09-22 04:00:00,2019-09-23 07:00:00,27
2019-10-02 07:00:00,2019-10-03 02:00:00,19
2019-10-12 06:00:00,2019-10-13 13:00:00,31
2019-10-13 16:00:00,2019-10-14 02:00:00,10
2019-10-14 21:00:00,2019-10-15 15:00:00,18
2019-10-19 05:00:00,2019-10-19 19:00:00,14
2019-10-21 07:00:00,2019-10-23 04:00:00,45
2019-10-24 04:00:00,2019-10-24 14:00:00,10
2019-10-24 17:00:00,2019-10-25 14:00:00,21
2019-10-27 02:00:00,2019-10-28 06:00:00,28
2019-10-31 14:00:00,2019-10-31 21:00:00,7
2019-11-05 21:00:00,2019-11-06 17:00:00,20
2019-11-08 14:00:00,2019-11-09 01:00:00,11
2019-11-13,2019-11-13 09:00:00,9
2019-11-16 09:00:00,2019-11-17 11:00:00,26
2019-11-18,2019-11-18 22:00:00,22
2019-11-22 04:00:00,2019-11-23 03:00:00,23
2019-11-23 15:00:00,2019-11-24 16:00:00,25
2019-11-28 20:00:00,2019-11-29 21:00:00,25
2019-12-01 05:00:00,2019-12-01 18:00:00,13
2019-12-01 21:00:00,2019-12-03 18:00:00,45
2019-12-07 03:00:00,2019-12-07 09:00:00,6
2019-12-16 23:00:00,2019-12-18 01:00:00,26
2019-12-30 21:00:00,2020-01-01 20:00:00,47
2020-01-04 09:00:00,2020-01-04 21:00:00,12
2020-01-18 03:00:00,2020-01-25 20:00:00,185
2020-01-30,2020-01-30 06:00:00,6
2020-02-04 15:00:00,2020-02-06 19:00:00,52
2020-02-27 11:00:00,2020-02-27 22:00:00,11
2020-03-03 14:00:00,2020-03-05 02:00:00,36
2020-03-05 10:00:00,2020-03-06,14
2020-03-18 09:00:00,2020-03-19 03:00:00,18
2020-03-22 09:00:00,2020-03-27 17:00:00,128
2020-03-31 23:00:00,2020-04-04 08:00:00,81
2020-04-04 10:00:00,2020-04-04 16:00:00,6
2020-04-07 09:00:00,2020-04-12 17:00:00,128
2020-04-13 21:00:00,2020-04-20 11:00:00,158
2020-04-21 18:00:00,2020-04-29 02:00:00,176
2020-05-01 16:00:00,2020-05-04 09:00:00,65
2020-05-05 19:00:00,2020-05-06 04:00:00,9
2020-05-06 06:00:00,2020-05-10 05:00:00,95
2020-05-11 23:00:00,2020-05-13 12:00:00,37
2020-05-13 23:00:00,2020-05-17 17:00:00,90
2020-05-18 01:00:00,2020-05-18 22:00:00,21
2020-05-19,2020-05-21 18:00:00,66
2020-05-24 09:00:00,2020-05-29 06:00:00,117
2020-05-29 10:00:00,2020-06-03 07:00:00,117
2020-06-04 06:00:00,2020-06-04 22:00:00,16
2020-06-05 08:00:00,2020-06-05 17:00:00,9
2020-06-07 04:00:00,2020-06-10 23:00:00,91
2020-06-13,2020-06-19 01:00:00,145
2020-06-19 05:00:00,2020-06-20 11:00:00,30
2020-06-23 12:00:00,2020-06-26 17:00:00,77
2020-06-27 01:00:00,2020-06-27 09:00:00,8
2020-06-29 22:00:00,2020-07-02 21:00:00,71
2020-07-06 09:00:00,2020-07-07 09:00:00,24
2020-07-08 01:00:00,2020-07-08 15:00:00,14
2020-07-09 01:00:00,2020-07-17 11:00:00,202
2020-07-18 10:00:00,2020-07-22 16:00:00,102
2020-07-22 18:00:00,2020-07-24 17:00:00,47
2020-07-25 03:00:00,2020-07-26 11:00:00,32
2020-07-28 02:00:00,2020-07-29 21:00:00,43
2020-07-30 05:00:00,2020-07-30 12:00:00,7
2020-07-30 14:00:00,2020-07-31 11:00:00,21
2020-07-31 18:00:00,2020-08-04 04:00:00,82
2020-08-05 22:00:00,2020-08-17 15:00:00,281
2020-08-18,2020-08-19 04:00:00,28
2020-08-23 07:00:00,2020-08-23 13:00:00,6
2020-08-23 19:00:00,2020-08-24 21:00:00,26
2020-08-26 14:00:00,2020-08-28 05:00:00,39
2020-08-29 20:00:00,2020-09-02,76
2020-09-03 04:00:00,2020-09-03 13:00:00,9
2020-09-03 21:00:00,2020-09-07 08:00:00,83
2020-09-07 21:00:00,2020-09-08 14:00:00,17
2020-09-09,2020-09-11 01:00:00,49
2020-09-12 01:00:00,2020-09-12 14:00:00,13
2020-09-13 10:00:00,2020-09-18 05:00:00,115
2020-09-19 22:00:00,2020-09-22 09:00:00,59
2020-09-22 18:00:00,2020-09-23 21:00:00,27
2020-09-26,2020-09-29 18:00:00,90
2020-09-30 22:00:00,2020-10-02 01:00:00,27
2020-10-07 03:00:00,2020-10-07 19:00:00,16
2020-10-08 16:00:00,2020-10-09 01:00:00,9
2020-10-11 05:00:00,2020-10-12 08:00:00,27
2020-10-14 13:00:00,2020-10-17 06:00:00,65
2020-10-17 09:00:00,2020-10-18 21:00:00,36
2020-10-21 06:00:00,2020-10-21 21:00:00,15
2020-10-21 23:00:00,2020-10-22 23:00:00,24
2020-11-04 11:00:00,2020-11-06 06:00:00,43
2020-11-06 20:00:00,2020-11-07 07:00:00,11
2020-11-07 09:00:00,2020-11-08 20:00:00,35
2020-11-09 13:00:00,2020-11-10 16:00:00,27
2020-11-19 15:00:00,2020-11-19 23:00:00,8
2020-11-22 08:00:00,2020-11-23 05:00:00,21
2020-11-25,2020-11-27 20:00:00,68
2020-11-28 13:00:00,2020-11-30 10:00:00,45
2020-11-30 16:00:00,2020-12-02 09:00:00,41
2020-12-05 21:00:00,2020-12-07 18:00:00,45
2020-12-07 22:00:00,2020-12-08 05:00:00,7
2020-12-09,2020-12-09 09:00:00,9
2020-12-24 23:00:00,2020-12-25 18:00:00,19
2020-12-30 02:00:00,2020-12-30 23:00:00,21
2021-01-06 07:00:00,2021-01-07 18:00:00,35
2021-01-09 03:00:00,2021-01-10 22:00:00,43
2021-01-15 04:00:00,2021-01-15 14:00:00,10
2021-01-17 05:00:00,2021-01-18 12:00:00,31
2021-01-22 03:00:00,2021-01-22 09:00:00,6
2021-01-23 07:00:00,2021-01-23 22:00:00,15
2021-01-25 03:00:00,2021-01-25 23:00:00,20
2021-01-27 02:00:00,2021-01-27 17:00:00,15
2021-02-05 13:00:00,2021-02-06 10:00:00,21
2021-02-06 16:00:00,2021-02-07 05:00:00,13
2021-02-21 14:00:00,2021-02-21 22:00:00,8
2021-02-26 02:00:00,2021-02-27 03:00:00,25
2021-02-28 08:00:00,2021-03-09 06:00:00,214
2021-03-15 04:00:00,2021-03-23 07:00:00,195
2021-03-24 03:00:00,2021-03-24 13:00:00,10
2021-03-30,2021-04-01 16:00:00,64
2021-04-01 18:00:00,2021-04-02 12:00:00,18
2021-04-03 01:00:00,2021-04-05 04:00:00,51
2021-04-05 15:00:00,2021-04-05 21:00:00,6
2021-04-07 04:00:00,2021-04-08 11:00:00,31
2021-04-09,2021-04-10 01:00:00,25
2021-04-10 09:00:00,2021-04-12,39
2021-04-12 03:00:00,2021-04-22 05:00:00,242
2021-04-22 10:00:00,2021-04-23 02:00:00,16
2021-04-23 14:00:00,2021-04-24 04:00:00,14
2021-04-25 03:00:00,2021-04-28,69
2021-04-28 22:00:00,2021-05-03 01:00:00,99
2021-05-05 06:00:00,2021-05-07 19:00:00,61
2021-05-11 08:00:00,2021-05-12 06:00:00,22
2021-05-12 08:00:00,2021-05-14 21:00:00,61
2021-05-15 08:00:00,2021-05-15 17:00:00,9
2021-05-17 10:00:00,2021-05-20 01:00:00,63
2021-05-22 11:00:00,2021-05-22 19:00:00,8
2021-05-25 08:00:00,2021-06-03 09:00:00,217
2021-06-03 16:00:00,2021-06-09 11:00:00,139
2021-06-09 14:00:00,2021-06-10 11:00:00,21
2021-06-11 06:00:00,2021-06-16 19:00:00,133
2021-06-17,2021-06-17 23:00:00,23
2021-06-18 06:00:00,2021-06-20 22:00:00,64
2021-06-22 03:00:00,2021-06-26,93
2021-06-28 05:00:00,2021-07-04 22:00:00,161
2021-07-05 02:00:00,2021-07-06 05:00:00,27
2021-07-07 04:00:00,2021-07-11 09:00:00,101
2021-07-11 13:00:00,2021-07-28 07:00:00,402
2021-07-29 02:00:00,2021-07-29 18:00:00,16
2021-07-30 11:00:00,2021-08-05 01:00:00,134
2021-08-08 17:00:00,2021-08-11 03:00:00,58
2021-08-11 20:00:00,2021-08-12 05:00:00,9
2021-08-13 20:00:00,2021-08-14 18:00:00,22
2021-08-14 20:00:00,2021-08-15 06:00:00,10
2021-08-15 21:00:00,2021-08-20 09:00:00,108
2021-08-21 08:00:00,2021-08-21 16:00:00,8
2021-08-21 18:00:00,2021-08-29 19:00:00,193
2021-08-29 23:00:00,2021-08-31 17:00:00,42
2021-08-31 22:00:00,2021-09-01 17:00:00,19
2021-09-01 20:00:00,2021-09-16 22:00:00,362
2021-09-17 11:00:00,2021-09-22 17:00:00,126
2021-09-22 20:00:00,2021-09-26 05:00:00,81
2021-09-29 10:00:00,2021-09-29 21:00:00,11
2021-10-05 22:00:00,2021-10-06 12:00:00,14
2021-10-06 17:00:00,2021-10-06 23:00:00,6
2021-10-08 21:00:00,2021-10-16 20:00:00,191
2021-10-17 04:00:00,2021-10-17 22:00:00,18
2021-10-18 16:00:00,2021-10-19,8
2021-10-22 10:00:00,2021-10-23,14
2021-11-01 17:00:00,2021-11-02 21:00:00,28
2021-11-04 22:00:00,2021-11-06 02:00:00,28
2021-11-07 01:00:00,2021-11-08 08:00:00,31
2021-11-09 23:00:00,2021-11-11 06:00:00,31
2021-11-13 11:00:00,2021-11-14 06:00:00,19
2021-11-15 14:00:00,2021-11-16 09:00:00,19
2021-11-16 16:00:00,2021-11-18 01:00:00,33
2021-11-18 06:00:00,2021-11-20 19:00:00,61
2021-11-22 07:00:00,2021-11-24 14:00:00,55
2021-11-28 05:00:00,2021-11-28 16:00:00,11
2021-11-28 20:00:00,2021-11-29 22:00:00,26
2021-12-02 11:00:00,2021-12-02 20:00:00,9
2021-12-03 05:00:00,2021-12-03 22:00:00,17
2021-12-05 17:00:00,2021-12-06,7
2021-12-11 02:00:00,2021-12-11 09:00:00,7
2021-12-13 23:00:00,2021-12-14 20:00:00,21
2021-12-15 05:00:00,2021-12-18 07:00:00,74
2021-12-18 21:00:00,2021-12-21 03:00:00,54
2021-12-21 07:00:00,2021-12-21 17:00:00,10
2021-12-26 11:00:00,2021-12-27 06:00:00,19
2022-01-05,2022-01-06 01:00:00,25
2022-01-10 14:00:00,2022-01-11 06:00:00,16
2022-01-12 08:00:00,2022-01-19 09:00:00,169
2022-01-19 20:00:00,2022-01-26 13:00:00,161
2022-01-27 07:00:00,2022-01-28 12:00:00,29
2022-01-29 16:00:00,2022-01-30 13:00:00,21
2022-02-01 16:00:00,2022-02-01 22:00:00,6
2022-02-02 01:00:00,2022-02-03 08:00:00,31
2022-02-09 12:00:00,2022-02-10 09:00:00,21
2022-02-10 19:00:00,2022-02-11 11:00:00,16
2022-03-03,2022-03-03 15:00:00,15
2022-03-04 22:00:00,2022-03-05 14:00:00,16
2022-03-06 10:00:00,2022-03-07 03:00:00,17
2022-03-14 06:00:00,2022-03-14 17:00:00,11
2022-03-15 03:00:00,2022-03-16 03:00:00,24
2022-03-16 17:00:00,2022-03-17 04:00:00,11
2022-03-17 18:00:00,2022-03-18 22:00:00,28
2022-03-20 21:00:00,2022-03-21 21:00:00,24
2022-03-23 14:00:00,2022-03-30 16:00:00,169
2022-04-01 10:00:00,2022-04-01 22:00:00,12
2022-04-02 05:00:00,2022-04-03 18:00:00,37
2022-04-04 23:00:00,2022-04-05 09:00:00,10
2022-04-08 04:00:00,2022-04-08 16:00:00,12
2022-04-08 19:00:00,2022-04-10 03:00:00,32
2022-04-12 10:00:00,2022-04-12 16:00:00,6
2022-04-12 18:00:00,2022-04-15 12:00:00,66
2022-04-15 22:00:00,2022-04-16 17:00:00,19
2022-04-17 10:00:00,2022-04-17 17:00:00,7
2022-04-17 23:00:00,2022-04-21 23:00:00,96
2022-04-24 21:00:00,2022-05-06 12:00:00,279
2022-05-06 17:00:00,2022-05-09 03:00:00,58
2022-05-11 05:00:00,2022-05-11 12:00:00,7
2022-05-11 18:00:00,2022-05-12 11:00:00,17
2022-05-13 22:00:00,2022-05-16 07:00:00,57
2022-05-16 09:00:00,2022-05-16 21:00:00,12
2022-05-21 01:00:00,2022-05-22 21:00:00,44
2022-05-22 23:00:00,2022-05-24 19:00:00,44
2022-05-26 21:00:00,2022-05-29 18:00:00,69
2022-05-29 20:00:00,2022-06-04 01:00:00,125
2022-06-04 19:00:00,2022-06-07 21:00:00,74
2022-06-12 06:00:00,2022-06-18 11:00:00,149
2022-06-18 13:00:00,2022-06-19,11
2022-06-19 10:00:00,2022-06-19 22:00:00,12
2022-06-20 06:00:00,2022-06-24 08:00:00,98
2022-06-26 21:00:00,2022-06-27 13:00:00,16
2022-06-29 10:00:00,2022-07-01 12:00:00,50
2022-07-02 04:00:00,2022-07-02 13:00:00,9
2022-07-02 15:00:00,2022-07-19 22:00:00,415
2022-07-20 09:00:00,2022-07-23 06:00:00,69
2022-07-25 14:00:00,2022-07-30 12:00:00,118
2022-07-31 07:00:00,2022-08-01 15:00:00,32
2022-08-02 23:00:00,2022-08-04 22:00:00,47
2022-08-05 01:00:00,2022-08-16 02:00:00,265
2022-08-16 13:00:00,2022-08-16 19:00:00,6
2022-08-17 09:00:00,2022-08-18 12:00:00,27
2022-08-18 20:00:00,2022-08-19 12:00:00,16
2022-08-21 02:00:00,2022-08-30 14:00:00,228
2022-08-31 01:00:00,2022-08-31 08:00:00,7
2022-08-31 10:00:00,2022-08-31 18:00:00,8
2022-08-31 20:00:00,2022-09-03,52
2022-09-03 02:00:00,2022-09-04 02:00:00,24
2022-09-08 13:00:00,2022-09-09 04:00:00,15
2022-09-09 12:00:00,2022-09-11 07:00:00,43
2022-09-11 21:00:00,2022-09-12 19:00:00,22
2022-09-14,2022-09-22 07:00:00,199
2022-09-22 12:00:00,2022-09-24 03:00:00,39
2022-09-24 22:00:00,2022-09-25 18:00:00,20
2022-09-27 14:00:00,2022-09-27 21:00:00,7
2022-09-28 11:00:00,2022-09-28 20:00:00,9
2022-09-29 13:00:00,2022-09-30 03:00:00,14
2022-10-01 22:00:00,2022-10-03 13:00:00,39
2022-10-07 23:00:00,2022-10-08 22:00:00,23
2022-10-10 08:00:00,2022-10-11 21:00:00,37
2022-10-12 10:00:00,2022-10-15,62
2022-10-17 21:00:00,2022-10-18 11:00:00,14
2022-10-22 15:00:00,2022-10-22 23:00:00,8
2022-11-04 14:00:00,2022-11-04 21:00:00,7
2022-11-18 17:00:00,2022-11-19 11:00:00,18
2022-11-29 07:00:00,2022-11-30 01:00:00,18
2022-12-01 20:00:00,2022-12-04 02:00:00,54
2022-12-06 06:00:00,2022-12-11 09:00:00,123
2022-12-11 12:00:00,2022-12-12 16:00:00,28
2022-12-15 13:00:00,2022-12-17 07:00:00,42
2022-12-17 13:00:00,2022-12-17 20:00:00,7
2022-12-21 20:00:00,2022-12-22 10:00:00,14
2023-01-18 23:00:00,2023-01-21 07:00:00,56
2023-01-23 15:00:00,2023-01-25 20:00:00,53
2023-01-26 10:00:00,2023-01-29 19:00:00,81
2023-01-29 23:00:00,2023-01-30 20:00:00,21
2023-01-31 10:00:00,2023-01-31 18:00:00,8
2023-02-03 08:00:00,2023-02-07 22:00:00,110
2023-02-08 23:00:00,2023-02-10 15:00:00,40
2023-02-10 18:00:00,2023-02-13 21:00:00,75
2023-02-19 07:00:00,2023-02-19 14:00:00,7
2023-02-20 12:00:00,2023-02-22,36
2023-02-23 17:00:00,2023-02-24 08:00:00,15
2023-02-24 12:00:00,2023-02-24 19:00:00,7
2023-02-25 01:00:00,2023-02-25 07:00:00,6
2023-02-26 10:00:00,2023-02-28 07:00:00,45
2023-03-01 23:00:00,2023-03-03 12:00:00,37
2023-03-04 02:00:00,2023-03-06 16:00:00,62
2023-03-06 22:00:00,2023-03-07 19:00:00,21
2023-03-19,2023-03-19 16:00:00,16
2023-03-20 03:00:00,2023-03-20 15:00:00,12
2023-03-27 04:00:00,2023-03-27 21:00:00,17
2023-04-02 04:00:00,2023-04-03 15:00:00,35
2023-04-05 10:00:00,2023-04-08 16:00:00,78
2023-04-13 12:00:00,2023-04-14 21:00:00,33
2023-04-15 15:00:00,2023-04-18 01:00:00,58
2023-04-18 03:00:00,2023-04-18 16:00:00,13
2023-04-19 06:00:00,2023-04-19 23:00:00,17
2023-04-20 12:00:00,2023-04-20 23:00:00,11
2023-04-21 08:00:00,2023-04-24 13:00:00,77
2023-04-24 16:00:00,2023-05-03 06:00:00,206
2023-05-05 02:00:00,2023-05-07 19:00:00,65
2023-05-08 03:00:00,2023-05-09 09:00:00,30
2023-05-09 11:00:00,2023-05-09 19:00:00,8
2023-05-11 02:00:00,2023-05-14 21:00:00,91
2023-05-15 06:00:00,2023-05-28 06:00:00,312
2023-05-29,2023-06-07 17:00:00,233
2023-06-07 20:00:00,2023-06-08 10:00:00,14
2023-06-08 15:00:00,2023-06-09,9
2023-06-09 04:00:00,2023-06-23 04:00:00,336
2023-06-24 05:00:00,2023-06-24 21:00:00,16
2023-06-26 03:00:00,2023-06-26 17:00:00,14
2023-06-27 22:00:00,2023-06-29 22:00:00,48
2023-06-30 03:00:00,2023-06-30 12:00:00,9
2023-07-01 10:00:00,2023-07-02 15:00:00,29
2023-07-02 17:00:00,2023-07-02 23:00:00,6
2023-07-04,2023-07-04 20:00:00,20
2023-07-05 01:00:00,2023-07-05 14:00:00,13
2023-07-05 21:00:00,2023-07-06 08:00:00,11
2023-07-08 23:00:00,2023-07-09 08:00:00,9
2023-07-09 10:00:00,2023-07-10 05:00:00,19
2023-07-11 02:00:00,2023-07-11 23:00:00,21
2023-07-12 04:00:00,2023-07-12 15:00:00,11
2023-07-12 19:00:00,2023-07-14 03:00:00,32
2023-07-16 20:00:00,2023-07-18 05:00:00,33
2023-07-18 14:00:00,2023-07-21 18:00:00,76
2023-07-23 10:00:00,2023-07-23 21:00:00,11
2023-07-24 09:00:00,2023-07-26 12:00:00,51
2023-07-27 12:00:00,2023-07-27 21:00:00,9
2023-07-28 02:00:00,2023-07-28 15:00:00,13
2023-08-01 01:00:00,2023-08-01 18:00:00,17
2023-08-03 12:00:00,2023-08-03 20:00:00,8
2023-08-04 02:00:00,2023-08-04 21:00:00,19
2023-08-05 23:00:00,2023-08-10 12:00:00,109
2023-08-10 22:00:00,2023-08-11 05:00:00,7
2023-08-13 10:00:00,2023-08-14 06:00:00,20
2023-08-14 10:00:00,2023-08-18 11:00:00,97
2023-08-20 11:00:00,2023-08-21 02:00:00,15
2023-08-22 07:00:00,2023-08-26 03:00:00,92
2023-08-26 11:00:00,2023-08-26 21:00:00,10
2023-08-27 05:00:00,2023-09-12 03:00:00,382
2023-09-12 11:00:00,2023-09-13 16:00:00,29
2023-09-14 01:00:00,2023-09-15 18:00:00,41
2023-09-16 20:00:00,2023-09-18 03:00:00,31
2023-09-21 12:00:00,2023-09-21 18:00:00,6
2023-09-22 18:00:00,2023-09-23 11:00:00,17
2023-09-29 20:00:00,2023-09-30 08:00:00,12
2023-10-01 09:00:00,2023-10-03 02:00:00,41
2023-10-07 09:00:00,2023-10-07 23:00:00,14
2023-10-08 07:00:00,2023-10-10 12:00:00,53
2023-10-11 01:00:00,2023-10-11 19:00:00,18
2023-10-12,2023-10-13 09:00:00,33
2023-10-14 11:00:00,2023-10-16 07:00:00,44
2023-10-18 23:00:00,2023-10-19 05:00:00,6
2023-10-19 08:00:00,2023-10-19 16:00:00,8
2023-10-21 12:00:00,2023-10-22 20:00:00,32
2023-10-23 17:00:00,2023-10-25 17:00:00,48
2023-10-30 22:00:00,2023-10-31 17:00:00,19
2023-11-07 10:00:00,2023-11-07 18:00:00,8
2023-11-11 02:00:00,2023-11-11 15:00:00,13
2023-11-15 19:00:00,2023-11-16 13:00:00,18
2023-11-21 13:00:00,2023-11-22 04:00:00,15
2023-11-22 07:00:00,2023-11-23 05:00:00,22
2023-11-23 17:00:00,2023-11-27 07:00:00,86
2023-11-28,2023-11-29 17:00:00,41
2023-12-01,2023-12-03 19:00:00,67
2023-12-05 11:00:00,2023-12-06 04:00:00,17
2023-12-13 18:00:00,2023-12-14 01:00:00,7
2023-12-14 04:00:00,2023-12-15 21:00:00,41
2023-12-19 02:00:00,2023-12-19 08:00:00,6
2023-12-26 11:00:00,2023-12-26 17:00:00,6
